Image,Algorithm,Strategy,Colour space,PSNR,SSIM,CIEDE2000,S-CIELAB,LPIPS,DreamSim
blue-gradient,Floyd-Steinberg,Nearest-colour,RGB,11.4392939587,0.0393644889826,19.2343404839,14.7792710089,0.683990716934,0.218912005424
blue-gradient,Floyd-Steinberg,Nearest-colour,CIELAB,12.1742891148,0.0354647887848,18.3809778606,11.8910520808,0.620380878448,0.191704809666
blue-gradient,Floyd-Steinberg,Nearest-colour,CIEXYY,12.2487264209,0.0697041491985,17.7616871617,13.0691267156,0.660872220993,0.227565765381
blue-gradient,Floyd-Steinberg,Weight-driven,RGB,16.8282900728,0.204892843767,12.3962176591,11.6197572197,0.652568995953,0.499280035496
blue-gradient,Floyd-Steinberg,Weight-driven,CIELAB,16.8282900728,0.204892843767,12.3962176591,11.6197572197,0.652568995953,0.499536693096
blue-gradient,Floyd-Steinberg,Weight-driven,CIEXYY,16.8282905215,0.204892877993,12.3962168937,11.6197567794,0.652569055557,0.499981999397
blue-gradient,Floyd-Steinberg,Weighted-nearest (α=0.5),RGB,16.8018892886,0.204890414557,12.405748549,11.5786558353,0.651961743832,0.488710701466
blue-gradient,Floyd-Steinberg,Weighted-nearest (α=0.5),CIELAB,16.801240454,0.204680177731,12.4074011862,11.5758999702,0.650083482265,0.495661914349
blue-gradient,Floyd-Steinberg,Weighted-nearest (α=0.5),CIEXYY,16.8255905175,0.205015949065,12.3923533497,11.5903308818,0.652691543102,0.493805766106
blue-gradient,Floyd-Steinberg,Softmax (α=0.5),RGB,11.6782523838,0.0583998801023,17.4144313419,14.7901014327,0.739005565643,0.326910197735
blue-gradient,Floyd-Steinberg,Softmax (α=0.5),CIELAB,12.1876306773,0.0362103454473,18.3604454836,11.8920826246,0.614981770515,0.192235767841
blue-gradient,Floyd-Steinberg,Softmax (α=0.5),CIEXYY,16.3659310484,0.198214086678,12.4016757517,10.7683784818,0.693951427937,0.444905877113
blue-gradient,Floyd-Steinberg,Error-scaled (scale),RGB,16.4579094016,0.157918928274,12.3938863694,7.04103869494,0.450295954943,0.149220168591
blue-gradient,Floyd-Steinberg,Error-scaled (scale),CIELAB,15.6528224026,0.113604338648,13.3258926099,8.7369257124,0.510403096676,0.177101254463
blue-gradient,Floyd-Steinberg,Error-scaled (scale),CIEXYY,13.9846194686,0.172392577002,15.0955130289,13.5858015138,0.667234778404,0.224710404873
blue-gradient,Floyd-Steinberg,Error-scaled (weighted_target),RGB,11.5460198373,0.050170794715,19.038957967,14.8575181727,0.682030856609,0.231314539909
blue-gradient,Floyd-Steinberg,Error-scaled (weighted_target),CIELAB,12.2281195701,0.0416036276316,18.2913255587,11.8429243903,0.604335308075,0.208672821522
blue-gradient,Floyd-Steinberg,Error-scaled (weighted_target),CIEXYY,12.309094328,0.0814608054392,17.6600002224,13.1051846236,0.666126310825,0.238183021545
blue-gradient,Floyd-Steinberg,Error-scaled (confidence),RGB,15.3068992867,0.112589730006,13.7064539468,6.60916612018,0.442511856556,0.0943012237549
blue-gradient,Floyd-Steinberg,Error-scaled (confidence),CIELAB,14.0776823206,0.0752182879306,15.3256721212,7.55994449511,0.539656698704,0.144679188728
blue-gradient,Floyd-Steinberg,Error-scaled (confidence),CIEXYY,12.8797483215,0.0851304308512,16.5688478715,12.6681930356,0.59746158123,0.178957104683
blue-gradient,Jarvis-Judice-Ninke,Nearest-colour,RGB,11.5510255207,0.0527038834475,19.0190754863,14.8191751061,0.748069822788,0.229214727879
blue-gradient,Jarvis-Judice-Ninke,Nearest-colour,CIELAB,12.229747947,0.0435634632137,18.2583857647,11.8783116553,0.691242694855,0.208155989647
blue-gradient,Jarvis-Judice-Ninke,Nearest-colour,CIEXYY,12.3065712014,0.0818233864468,17.6590693547,13.0301134539,0.734439194202,0.245009958744
blue-gradient,Jarvis-Judice-Ninke,Weight-driven,RGB,16.8282900728,0.204892843767,12.3962176591,11.6197572197,0.652568995953,0.499280035496
blue-gradient,Jarvis-Judice-Ninke,Weight-driven,CIELAB,16.8282900728,0.204892843767,12.3962176591,11.6197572197,0.652568995953,0.499536693096
blue-gradient,Jarvis-Judice-Ninke,Weight-driven,CIEXYY,16.8282905215,0.204892877993,12.3962168937,11.6197567794,0.652569055557,0.499981999397
blue-gradient,Jarvis-Judice-Ninke,Weighted-nearest (α=0.5),RGB,16.79148421,0.2046685059,12.4066091887,11.5356166781,0.651913762093,0.489789187908
blue-gradient,Jarvis-Judice-Ninke,Weighted-nearest (α=0.5),CIELAB,16.7910205715,0.204530153316,12.4075748731,11.5419707304,0.651166975498,0.491543889046
blue-gradient,Jarvis-Judice-Ninke,Weighted-nearest (α=0.5),CIEXYY,16.8315472835,0.204952167802,12.386207013,11.5667850287,0.653532266617,0.491600930691
blue-gradient,Jarvis-Judice-Ninke,Softmax (α=0.5),RGB,11.7706080948,0.0668703273203,17.2566554846,14.7115246137,0.768231749535,0.340413808823
blue-gradient,Jarvis-Judice-Ninke,Softmax (α=0.5),CIELAB,12.2427334096,0.044361320546,18.2395287118,11.8761049344,0.691244900227,0.201885819435
blue-gradient,Jarvis-Judice-Ninke,Softmax (α=0.5),CIEXYY,16.3349096646,0.193514837634,12.4078544972,10.6329028333,0.687825679779,0.448242068291
blue-gradient,Jarvis-Judice-Ninke,Error-scaled (scale),RGB,16.6729991858,0.170821887635,12.1764724724,7.21932695488,0.543132662773,0.159632742405
blue-gradient,Jarvis-Judice-Ninke,Error-scaled (scale),CIELAB,15.909325839,0.121364081792,13.056084523,9.08342179344,0.565154850483,0.16154062748
blue-gradient,Jarvis-Judice-Ninke,Error-scaled (scale),CIEXYY,14.2943604982,0.18623848015,14.7883538405,13.6665181037,0.704708397388,0.221921980381
blue-gradient,Jarvis-Judice-Ninke,Error-scaled (weighted_target),RGB,11.7284031697,0.0691722722113,18.680251907,14.9804242046,0.755179286003,0.241512537003
blue-gradient,Jarvis-Judice-Ninke,Error-scaled (weighted_target),CIELAB,12.3240471107,0.053765243816,18.102472028,11.7457897645,0.683898985386,0.217308759689
blue-gradient,Jarvis-Judice-Ninke,Error-scaled (weighted_target),CIEXYY,12.3957188771,0.0986591940127,17.5234640096,13.096013604,0.7095952034,0.287728667259
blue-gradient,Jarvis-Judice-Ninke,Error-scaled (confidence),RGB,15.6870787867,0.128047112204,13.250508707,6.28905858855,0.531390786171,0.111568570137
blue-gradient,Jarvis-Judice-Ninke,Error-scaled (confidence),CIELAB,14.4605152186,0.0821153128146,14.7410829714,7.55386131817,0.570906400681,0.139060497284
blue-gradient,Jarvis-Judice-Ninke,Error-scaled (confidence),CIEXYY,13.0995042492,0.0988995353619,16.2362793718,12.886211594,0.657069027424,0.182679712772
blue-gradient,Stucki,Nearest-colour,RGB,11.5269770247,0.0497906999835,19.0647029265,14.8205353551,0.686464965343,0.210868120193
blue-gradient,Stucki,Nearest-colour,CIELAB,12.2200758787,0.0424895438755,18.2830121077,11.8789073186,0.628830552101,0.199840128422
blue-gradient,Stucki,Nearest-colour,CIEXYY,12.2928896483,0.078694588938,17.6849034129,13.0415427297,0.678234279156,0.246824979782
blue-gradient,Stucki,Weight-driven,RGB,16.8282900728,0.204892843767,12.3962176591,11.6197572197,0.652568995953,0.499280035496
blue-gradient,Stucki,Weight-driven,CIELAB,16.8282900728,0.204892843767,12.3962176591,11.6197572197,0.652568995953,0.499536693096
blue-gradient,Stucki,Weight-driven,CIEXYY,16.8282905215,0.204892877993,12.3962168937,11.6197567794,0.652569055557,0.499981999397
blue-gradient,Stucki,Weighted-nearest (α=0.5),RGB,16.7911459263,0.204800679772,12.4070857044,11.5426941773,0.652073323727,0.485459148884
blue-gradient,Stucki,Weighted-nearest (α=0.5),CIELAB,16.7902668079,0.20451189182,12.40908273,11.5485166925,0.650593698025,0.491017103195
blue-gradient,Stucki,Weighted-nearest (α=0.5),CIEXYY,16.8305058397,0.2050055444,12.3871600097,11.5719848982,0.653423547745,0.492365777493
blue-gradient,Stucki,Softmax (α=0.5),RGB,11.751470022,0.0651521454177,17.2871101321,14.7229776944,0.74954688549,0.341561555862
blue-gradient,Stucki,Softmax (α=0.5),CIELAB,12.2328146618,0.0430854955268,18.2625502985,11.877870317,0.629850745201,0.204737186432
blue-gradient,Stucki,Softmax (α=0.5),CIEXYY,16.3467302781,0.194887238343,12.4043982698,10.6744479132,0.689746618271,0.447752535343
blue-gradient,Stucki,Error-scaled (scale),RGB,16.6406111829,0.168093877287,12.2052119293,7.19293492464,0.494660407305,0.151609539986
blue-gradient,Stucki,Error-scaled (scale),CIELAB,15.8807628516,0.120000273922,13.0864530078,9.04889406469,0.521512806416,0.162941992283
blue-gradient,Stucki,Error-scaled (scale),CIEXYY,14.2587812873,0.184306310143,14.8222051858,13.6705825648,0.68602091074,0.221362471581
blue-gradient,Stucki,Error-scaled (weighted_target),RGB,11.6953240503,0.0651744814107,18.7371545691,14.971540106,0.708399116993,0.233889997005
blue-gradient,Stucki,Error-scaled (weighted_target),CIELAB,12.3058515274,0.051504105419,18.1388257481,11.7604538923,0.634398162365,0.220283746719
blue-gradient,Stucki,Error-scaled (weighted_target),CIEXYY,12.379628532,0.0951830813189,17.5485552947,13.1045747908,0.697339117527,0.274286568165
blue-gradient,Stucki,Error-scaled (confidence),RGB,15.6347270874,0.124522776942,13.3081149584,6.30042484806,0.466086506844,0.105996966362
blue-gradient,Stucki,Error-scaled (confidence),CIELAB,14.410136466,0.0807210699707,14.8142091728,7.53474374103,0.525000810623,0.137180805206
blue-gradient,Stucki,Error-scaled (confidence),CIEXYY,13.0731765078,0.096589312257,16.2756956087,12.8677391497,0.60971558094,0.181948423386
blue-graphic-tshirt,Floyd-Steinberg,Nearest-colour,RGB,12.9135813799,0.0724417844052,13.5086970444,14.6645435658,1.03729307652,0.0382106304169
blue-graphic-tshirt,Floyd-Steinberg,Nearest-colour,CIELAB,12.0297598858,0.064300608475,13.479701095,15.6209603939,1.0997415781,0.0348801016808
blue-graphic-tshirt,Floyd-Steinberg,Nearest-colour,CIEXYY,12.5406303553,0.11942021882,16.5956367652,17.8267947793,1.00119042397,0.209362506866
blue-graphic-tshirt,Floyd-Steinberg,Weight-driven,RGB,18.9362827848,0.787091872525,6.82705344331,6.67673713946,0.0850676372647,0.0684679150581
blue-graphic-tshirt,Floyd-Steinberg,Weight-driven,CIELAB,18.9362827848,0.787091872525,6.82705344331,6.67673713946,0.0850676372647,0.0650437474251
blue-graphic-tshirt,Floyd-Steinberg,Weight-driven,CIEXYY,18.9362827099,0.787091821256,6.82705343062,6.6767365214,0.0850676372647,0.0663408041
blue-graphic-tshirt,Floyd-Steinberg,Weighted-nearest (α=0.5),RGB,15.6007631362,0.467188072808,8.33106740228,6.13866816206,0.469144195318,0.0793539881706
blue-graphic-tshirt,Floyd-Steinberg,Weighted-nearest (α=0.5),CIELAB,18.9429650212,0.787246514915,6.82404515474,6.70127094994,0.0850039795041,0.0656286478043
blue-graphic-tshirt,Floyd-Steinberg,Weighted-nearest (α=0.5),CIEXYY,18.9390316585,0.787213236635,6.82609980696,6.68986503128,0.0851001217961,0.0661444067955
blue-graphic-tshirt,Floyd-Steinberg,Softmax (α=0.5),RGB,12.1642147105,0.067606283406,13.4059002515,14.9038250414,1.03876674175,0.0368037819862
blue-graphic-tshirt,Floyd-Steinberg,Softmax (α=0.5),CIELAB,12.0513182975,0.0644421952975,13.471819112,15.5893801143,1.10514473915,0.0345416665077
blue-graphic-tshirt,Floyd-Steinberg,Softmax (α=0.5),CIEXYY,19.0876406808,0.786671012283,6.90912489431,6.70657213899,0.0912350192666,0.0662377476692
blue-graphic-tshirt,Floyd-Steinberg,Error-scaled (scale),RGB,19.316395331,0.781753209819,7.03500827789,6.04126282188,0.116435535252,0.0548492074013
blue-graphic-tshirt,Floyd-Steinberg,Error-scaled (scale),CIELAB,18.6267242607,0.725588664918,7.13583534725,6.08920642254,0.139037132263,0.0412081480026
blue-graphic-tshirt,Floyd-Steinberg,Error-scaled (scale),CIEXYY,17.1526291051,0.685418458988,8.63422713927,5.56481725318,0.400160908699,0.128196656704
blue-graphic-tshirt,Floyd-Steinberg,Error-scaled (weighted_target),RGB,13.2335031786,0.0824674608695,13.3033147297,14.6957854452,1.00487327576,0.0474042892456
blue-graphic-tshirt,Floyd-Steinberg,Error-scaled (weighted_target),CIELAB,12.1078008854,0.0735158723634,13.2933977087,15.642057314,1.08301079273,0.0372589826584
blue-graphic-tshirt,Floyd-Steinberg,Error-scaled (weighted_target),CIEXYY,12.6704138147,0.125179698223,16.4956118574,17.8880129921,0.982065498829,0.208741366863
blue-graphic-tshirt,Floyd-Steinberg,Error-scaled (confidence),RGB,17.2996044309,0.692106372198,8.43025210167,4.8139995265,0.391655862331,0.0681074857712
blue-graphic-tshirt,Floyd-Steinberg,Error-scaled (confidence),CIELAB,15.1186751086,0.675542759856,8.95939242806,10.197764664,0.454844415188,0.0783581137657
blue-graphic-tshirt,Floyd-Steinberg,Error-scaled (confidence),CIEXYY,16.3107417984,0.676793216467,9.49675961224,8.23527913536,0.364508718252,0.100997745991
blue-graphic-tshirt,Jarvis-Judice-Ninke,Nearest-colour,RGB,13.1490658752,0.0802658176944,13.3418272605,14.693920402,1.02737915516,0.0437831282616
blue-graphic-tshirt,Jarvis-Judice-Ninke,Nearest-colour,CIELAB,12.1520120788,0.0715528575283,13.2826530269,15.5833759127,1.04918158054,0.0365751981735
blue-graphic-tshirt,Jarvis-Judice-Ninke,Nearest-colour,CIEXYY,12.6489364887,0.122735378868,16.5296799721,17.8931179593,0.997040092945,0.211466908455
blue-graphic-tshirt,Jarvis-Judice-Ninke,Weight-driven,RGB,18.9362827848,0.787091872525,6.82705344331,6.67673713946,0.0850676372647,0.0684679150581
blue-graphic-tshirt,Jarvis-Judice-Ninke,Weight-driven,CIELAB,18.9362827848,0.787091872525,6.82705344331,6.67673713946,0.0850676372647,0.0650437474251
blue-graphic-tshirt,Jarvis-Judice-Ninke,Weight-driven,CIEXYY,18.9362827099,0.787091821256,6.82705343062,6.6767365214,0.0850676372647,0.0663408041
blue-graphic-tshirt,Jarvis-Judice-Ninke,Weighted-nearest (α=0.5),RGB,15.5686099836,0.467054577454,8.35534972798,6.12523316719,0.46176341176,0.0750396847725
blue-graphic-tshirt,Jarvis-Judice-Ninke,Weighted-nearest (α=0.5),CIELAB,18.9463359916,0.787287221788,6.82309681592,6.70585602329,0.0852648839355,0.0660778284073
blue-graphic-tshirt,Jarvis-Judice-Ninke,Weighted-nearest (α=0.5),CIEXYY,18.9408576198,0.787243319662,6.82559518377,6.69262579406,0.0850853025913,0.0662348866463
blue-graphic-tshirt,Jarvis-Judice-Ninke,Softmax (α=0.5),RGB,12.2793364905,0.0828723299172,13.2059307867,14.889797906,1.01446938515,0.046365737915
blue-graphic-tshirt,Jarvis-Judice-Ninke,Softmax (α=0.5),CIELAB,12.084132704,0.070597595751,13.2276725454,15.5556935626,1.04267609119,0.0376533269882
blue-graphic-tshirt,Jarvis-Judice-Ninke,Softmax (α=0.5),CIEXYY,18.9863385608,0.785528991608,6.93413410332,6.77389321675,0.0926084071398,0.0659556388855
blue-graphic-tshirt,Jarvis-Judice-Ninke,Error-scaled (scale),RGB,19.4391152974,0.78540114448,6.97243794882,6.17869649753,0.104697242379,0.0530087351799
blue-graphic-tshirt,Jarvis-Judice-Ninke,Error-scaled (scale),CIELAB,18.8489998467,0.732863623782,7.012053627,6.13053748142,0.148615643382,0.0416009426117
blue-graphic-tshirt,Jarvis-Judice-Ninke,Error-scaled (scale),CIEXYY,17.7493520792,0.688303600365,8.14140800587,4.61515394883,0.409621059895,0.108763694763
blue-graphic-tshirt,Jarvis-Judice-Ninke,Error-scaled (weighted_target),RGB,13.5951770502,0.0935343923308,13.0968946923,14.726339148,0.996153891087,0.0551302433014
blue-graphic-tshirt,Jarvis-Judice-Ninke,Error-scaled (weighted_target),CIELAB,12.2408018842,0.0871020148974,13.0783249052,15.5719498598,1.03009545803,0.0436495542526
blue-graphic-tshirt,Jarvis-Judice-Ninke,Error-scaled (weighted_target),CIEXYY,12.8475697429,0.131574113044,16.3845082456,18.0242045481,0.986600518227,0.214876651764
blue-graphic-tshirt,Jarvis-Judice-Ninke,Error-scaled (confidence),RGB,17.8241811296,0.698764890339,8.01487733346,4.32037315757,0.380691766739,0.0595554113388
blue-graphic-tshirt,Jarvis-Judice-Ninke,Error-scaled (confidence),CIELAB,16.3188263336,0.685216912276,8.22927802994,6.30545602691,0.4098559618,0.0721073746681
blue-graphic-tshirt,Jarvis-Judice-Ninke,Error-scaled (confidence),CIEXYY,16.610944777,0.678280276851,9.19015766667,7.03639611219,0.437871396542,0.106833219528
blue-graphic-tshirt,Stucki,Nearest-colour,RGB,13.1235155481,0.0794114506643,13.3602432265,14.6903244901,1.01031506062,0.0427294373512
blue-graphic-tshirt,Stucki,Nearest-colour,CIELAB,12.1259184498,0.0701055674162,13.3074560999,15.6028430171,1.04605817795,0.0360870361328
blue-graphic-tshirt,Stucki,Nearest-colour,CIEXYY,12.6321149957,0.122276392341,16.538036358,17.8819091205,0.962187170982,0.208471298218
blue-graphic-tshirt,Stucki,Weight-driven,RGB,18.9362827848,0.787091872525,6.82705344331,6.67673713946,0.0850676372647,0.0684679150581
blue-graphic-tshirt,Stucki,Weight-driven,CIELAB,18.9362827848,0.787091872525,6.82705344331,6.67673713946,0.0850676372647,0.0650437474251
blue-graphic-tshirt,Stucki,Weight-driven,CIEXYY,18.9362827099,0.787091821256,6.82705343062,6.6767365214,0.0850676372647,0.0663408041
blue-graphic-tshirt,Stucki,Weighted-nearest (α=0.5),RGB,15.5232089531,0.461584632437,8.3843934483,6.11746078274,0.466254323721,0.0762560963631
blue-graphic-tshirt,Stucki,Weighted-nearest (α=0.5),CIELAB,18.9457988679,0.787283610082,6.82323354811,6.70537789268,0.0852038711309,0.0658396482468
blue-graphic-tshirt,Stucki,Weighted-nearest (α=0.5),CIEXYY,18.940560667,0.787231472131,6.82574575874,6.6911356943,0.0851337909698,0.0661783218384
blue-graphic-tshirt,Stucki,Softmax (α=0.5),RGB,12.2676770052,0.0810692282664,13.2328021884,14.8886696091,1.00173377991,0.0440809130669
blue-graphic-tshirt,Stucki,Softmax (α=0.5),CIELAB,12.1463627828,0.0696782584045,13.291172117,15.5441532476,1.04390656948,0.0360931754112
blue-graphic-tshirt,Stucki,Softmax (α=0.5),CIEXYY,19.0157749717,0.785767554386,6.92611384407,6.75216857828,0.0940108895302,0.0662333965302
blue-graphic-tshirt,Stucki,Error-scaled (scale),RGB,19.4313335572,0.785101588913,6.97717205103,6.15990704647,0.104055948555,0.0536540150642
blue-graphic-tshirt,Stucki,Error-scaled (scale),CIELAB,18.8277563926,0.732110781086,7.02401272536,6.12610087495,0.140707865357,0.0408343672752
blue-graphic-tshirt,Stucki,Error-scaled (scale),CIEXYY,17.6989687556,0.688298623172,8.179610718,4.66927525317,0.409939527512,0.108805716038
blue-graphic-tshirt,Stucki,Error-scaled (weighted_target),RGB,13.559570076,0.0920311309146,13.1186015359,14.7302957908,0.975905179977,0.0537992715836
blue-graphic-tshirt,Stucki,Error-scaled (weighted_target),CIELAB,12.2212010697,0.0850164865055,13.1055007563,15.5884655818,1.02053964138,0.0460531115532
blue-graphic-tshirt,Stucki,Error-scaled (weighted_target),CIEXYY,12.8233736182,0.130669274425,16.3995058195,18.0049156582,0.942122161388,0.212074935436
blue-graphic-tshirt,Stucki,Error-scaled (confidence),RGB,17.7829370677,0.69820647937,8.04444775826,4.33851375888,0.379906058311,0.0611118078232
blue-graphic-tshirt,Stucki,Error-scaled (confidence),CIELAB,16.1394666334,0.683777842052,8.30048658459,6.65975576066,0.413804590702,0.0659670829773
blue-graphic-tshirt,Stucki,Error-scaled (confidence),CIEXYY,16.5605678784,0.678073376704,9.24048796985,7.2351743504,0.419137358665,0.107761025429
curls,Floyd-Steinberg,Nearest-colour,RGB,11.0617421309,0.406451461963,22.462624153,11.8389439856,0.686674177647,0.0100762844086
curls,Floyd-Steinberg,Nearest-colour,CIELAB,11.1576226231,0.317550039573,18.7827009029,7.19700269027,0.796841442585,0.035799741745
curls,Floyd-Steinberg,Nearest-colour,CIEXYY,11.1052905266,0.23094851211,18.4563949687,13.7708986404,0.848417282104,0.196998178959
curls,Floyd-Steinberg,Weight-driven,RGB,13.7584007802,0.520564390897,15.363449051,11.7325674891,0.380934327841,0.170279562473
curls,Floyd-Steinberg,Weight-driven,CIELAB,13.7584007802,0.520564390897,15.363449051,11.7325674891,0.380934327841,0.170008540154
curls,Floyd-Steinberg,Weight-driven,CIEXYY,13.7584024851,0.520565393263,15.3634498113,11.7325671042,0.380934327841,0.169977843761
curls,Floyd-Steinberg,Weighted-nearest (α=0.5),RGB,13.5802378883,0.519337272048,15.8697107213,11.8854267544,0.3887976408,0.157780230045
curls,Floyd-Steinberg,Weighted-nearest (α=0.5),CIELAB,13.6673775385,0.521037722605,15.4629439737,11.3423536981,0.387437015772,0.165653824806
curls,Floyd-Steinberg,Weighted-nearest (α=0.5),CIEXYY,13.7367656658,0.522704651685,15.2485522173,11.4050418673,0.37797921896,0.170094013214
curls,Floyd-Steinberg,Softmax (α=0.5),RGB,11.2343418881,0.425606849493,21.4518145709,11.4110535291,0.653233706951,0.0143967866898
curls,Floyd-Steinberg,Softmax (α=0.5),CIELAB,11.1575734883,0.317779152203,18.7833302778,7.2052176275,0.803757309914,0.0360364317894
curls,Floyd-Steinberg,Softmax (α=0.5),CIEXYY,13.3701677071,0.492365960861,14.8591813585,9.37908956186,0.460078895092,0.171634554863
curls,Floyd-Steinberg,Error-scaled (scale),RGB,13.0319374906,0.497303839459,17.0559893196,10.2451834988,0.446764826775,0.0389605164528
curls,Floyd-Steinberg,Error-scaled (scale),CIELAB,12.8449242588,0.454363458143,15.1287551473,9.18166903907,0.524796366692,0.0613290667534
curls,Floyd-Steinberg,Error-scaled (scale),CIEXYY,13.0290221621,0.465869054592,15.5066619192,10.4165041706,0.410824686289,0.146448731422
curls,Floyd-Steinberg,Error-scaled (weighted_target),RGB,11.2568145797,0.434813589303,22.0759744336,11.8793463023,0.628589093685,0.0100023150444
curls,Floyd-Steinberg,Error-scaled (weighted_target),CIELAB,11.292160524,0.334771953013,18.3750160432,7.27285623314,0.760158658028,0.0358996987343
curls,Floyd-Steinberg,Error-scaled (weighted_target),CIEXYY,11.4383700156,0.272553600503,18.1203576803,12.2345983992,0.80254137516,0.189794898033
curls,Floyd-Steinberg,Error-scaled (confidence),RGB,12.3122640898,0.480231333249,18.9469704927,10.8530209505,0.515389561653,0.0193240046501
curls,Floyd-Steinberg,Error-scaled (confidence),CIELAB,12.2553850852,0.416786499621,16.3132013166,8.61862279078,0.628588438034,0.0418282747269
curls,Floyd-Steinberg,Error-scaled (confidence),CIEXYY,12.9263643647,0.45446216036,15.9666844878,9.84333200039,0.446803599596,0.12400752306
curls,Jarvis-Judice-Ninke,Nearest-colour,RGB,11.285232327,0.433393109167,21.9850352142,11.8624319077,0.775753259659,0.0125781297684
curls,Jarvis-Judice-Ninke,Nearest-colour,CIELAB,11.3268115841,0.334684029543,18.2838671436,7.26032972029,0.849292039871,0.0383349657059
curls,Jarvis-Judice-Ninke,Nearest-colour,CIEXYY,11.4177831226,0.264692363684,18.0671089581,12.3776205278,0.8378251791,0.185072600842
curls,Jarvis-Judice-Ninke,Weight-driven,RGB,13.7584007802,0.520564390897,15.363449051,11.7325674891,0.380934327841,0.170279562473
curls,Jarvis-Judice-Ninke,Weight-driven,CIELAB,13.7584007802,0.520564390897,15.363449051,11.7325674891,0.380934327841,0.170008540154
curls,Jarvis-Judice-Ninke,Weight-driven,CIEXYY,13.7584024851,0.520565393263,15.3634498113,11.7325671042,0.380934327841,0.169977843761
curls,Jarvis-Judice-Ninke,Weighted-nearest (α=0.5),RGB,13.4999973532,0.518879893519,16.1466528752,11.9882647026,0.397751510143,0.157212078571
curls,Jarvis-Judice-Ninke,Weighted-nearest (α=0.5),CIELAB,13.6179787789,0.52094236124,15.5162742343,11.1298292447,0.389836758375,0.162890911102
curls,Jarvis-Judice-Ninke,Weighted-nearest (α=0.5),CIEXYY,13.7259147233,0.523687522154,15.1784641117,11.2228632556,0.380669146776,0.170833110809
curls,Jarvis-Judice-Ninke,Softmax (α=0.5),RGB,11.5006969385,0.451727794559,20.7441372552,11.3907961389,0.686959981918,0.0293944478035
curls,Jarvis-Judice-Ninke,Softmax (α=0.5),CIELAB,11.3326334203,0.334851247758,18.2782745512,7.25992206671,0.845239162445,0.037036716938
curls,Jarvis-Judice-Ninke,Softmax (α=0.5),CIEXYY,13.4057106759,0.497776551188,14.8019570315,9.40752128533,0.453103840351,0.166120946407
curls,Jarvis-Judice-Ninke,Error-scaled (scale),RGB,13.3439423721,0.503934586953,16.2416113842,9.96564049421,0.512040376663,0.0540449023247
curls,Jarvis-Judice-Ninke,Error-scaled (scale),CIELAB,13.1409135096,0.468238626536,14.6230279671,9.35097311832,0.560359716415,0.0748919844627
curls,Jarvis-Judice-Ninke,Error-scaled (scale),CIEXYY,13.0559160153,0.466162045487,15.3776084202,10.6727165394,0.426287680864,0.157087147236
curls,Jarvis-Judice-Ninke,Error-scaled (weighted_target),RGB,11.5013759116,0.46226957751,21.3720586324,11.8056188219,0.687113940716,0.0180707573891
curls,Jarvis-Judice-Ninke,Error-scaled (weighted_target),CIELAB,11.5239082573,0.356270734527,17.8902774692,7.23070646741,0.769895970821,0.0397641062737
curls,Jarvis-Judice-Ninke,Error-scaled (weighted_target),CIEXYY,11.827763857,0.317768134521,17.6894155874,10.722696596,0.751580476761,0.18584638834
curls,Jarvis-Judice-Ninke,Error-scaled (confidence),RGB,12.6869919803,0.492417527796,17.9944652633,10.4937362764,0.602814972401,0.0286784768105
curls,Jarvis-Judice-Ninke,Error-scaled (confidence),CIELAB,12.6027917454,0.442907004379,15.613089043,8.71245641336,0.657278776169,0.0505278110504
curls,Jarvis-Judice-Ninke,Error-scaled (confidence),CIEXYY,12.96704706,0.456073491121,15.817458329,10.2404018645,0.466782689095,0.137951135635
curls,Stucki,Nearest-colour,RGB,11.2511660708,0.430004018434,22.0816350762,11.8763981116,0.696984529495,0.0124912261963
curls,Stucki,Nearest-colour,CIELAB,11.2975087025,0.331537707309,18.353046252,7.26307664871,0.792306661606,0.0373346805573
curls,Stucki,Nearest-colour,CIEXYY,11.372525181,0.259875603306,18.1281821814,12.5815657672,0.824090957642,0.186384081841
curls,Stucki,Weight-driven,RGB,13.7584007802,0.520564390897,15.363449051,11.7325674891,0.380934327841,0.170279562473
curls,Stucki,Weight-driven,CIELAB,13.7584007802,0.520564390897,15.363449051,11.7325674891,0.380934327841,0.170008540154
curls,Stucki,Weight-driven,CIEXYY,13.7584024851,0.520565393263,15.3634498113,11.7325671042,0.380934327841,0.169977843761
curls,Stucki,Weighted-nearest (α=0.5),RGB,13.5040366272,0.518673772327,16.128195856,11.9796642672,0.395173460245,0.155891060829
curls,Stucki,Weighted-nearest (α=0.5),CIELAB,13.621054075,0.520876178411,15.5166701049,11.1624123166,0.387828588486,0.163529455662
curls,Stucki,Weighted-nearest (α=0.5),CIEXYY,13.7283415277,0.523559551708,15.1880941532,11.2455333131,0.381432801485,0.170829951763
curls,Stucki,Softmax (α=0.5),RGB,11.4607710039,0.447652489111,20.850605203,11.394997728,0.637237131596,0.0239316225052
curls,Stucki,Softmax (α=0.5),CIELAB,11.3013178371,0.332325846936,18.3523146603,7.2612512096,0.793550133705,0.0379986763
curls,Stucki,Softmax (α=0.5),CIEXYY,13.4028189166,0.497280732071,14.8076289452,9.40801534287,0.451987981796,0.167273044586
curls,Stucki,Error-scaled (scale),RGB,13.3088686052,0.50342021356,16.334596431,9.99849076835,0.458362340927,0.0514267683029
curls,Stucki,Error-scaled (scale),CIELAB,13.1054005814,0.466803415148,14.6754417668,9.3346390634,0.525299429893,0.0742996931076
curls,Stucki,Error-scaled (scale),CIEXYY,13.0553685343,0.466234977818,15.3826975212,10.6452192858,0.410203456879,0.155794978142
curls,Stucki,Error-scaled (weighted_target),RGB,11.4637959859,0.458915763387,21.4838270076,11.821794624,0.61072319746,0.0167162418365
curls,Stucki,Error-scaled (weighted_target),CIELAB,11.4916856536,0.353453723044,17.9547081019,7.23598769501,0.729127883911,0.038943529129
curls,Stucki,Error-scaled (weighted_target),CIEXYY,11.7801290146,0.312034250566,17.7425481685,10.8758304009,0.74462223053,0.18582713604
curls,Stucki,Error-scaled (confidence),RGB,12.6406647228,0.491105478678,18.1165567581,10.532938134,0.527586698532,0.0268799066544
curls,Stucki,Error-scaled (confidence),CIELAB,12.5589195041,0.440008711778,15.6925106408,8.69500635214,0.607191681862,0.0501873493195
curls,Stucki,Error-scaled (confidence),CIEXYY,12.966126604,0.456147670396,15.8281840747,10.1873570606,0.444145977497,0.137515366077
girl,Floyd-Steinberg,Nearest-colour,RGB,9.71452058428,0.121469587629,25.4865053058,12.7090937488,1.03673267365,0.0181323289871
girl,Floyd-Steinberg,Nearest-colour,CIELAB,9.12345489703,0.0938986429326,24.9389288087,13.2119397747,1.20547795296,0.0401119589806
girl,Floyd-Steinberg,Nearest-colour,CIEXYY,7.53150057089,0.077177379395,34.2777312129,31.2233754496,1.23346817493,0.471309840679
girl,Floyd-Steinberg,Weight-driven,RGB,11.6806930552,0.353589161762,17.1966705605,16.5936886049,0.485533297062,0.256698012352
girl,Floyd-Steinberg,Weight-driven,CIELAB,11.6806930552,0.353589161762,17.1966705605,16.5936886049,0.485533297062,0.257287859917
girl,Floyd-Steinberg,Weight-driven,CIEXYY,11.6806932689,0.353589167021,17.1966702339,16.593687724,0.485533297062,0.257296144962
girl,Floyd-Steinberg,Weighted-nearest (α=0.5),RGB,11.6660074944,0.353797770091,17.2124488676,16.5699029817,0.48649674654,0.253534674644
girl,Floyd-Steinberg,Weighted-nearest (α=0.5),CIELAB,11.6718433912,0.353428431229,17.2136954258,16.5461625666,0.48646017909,0.25719410181
girl,Floyd-Steinberg,Weighted-nearest (α=0.5),CIEXYY,11.6790630796,0.353285949476,17.1961858317,16.5923121789,0.485376566648,0.257111132145
girl,Floyd-Steinberg,Softmax (α=0.5),RGB,9.29250455309,0.145522045375,24.4912329465,13.7906483936,1.05868566036,0.0355861783028
girl,Floyd-Steinberg,Softmax (α=0.5),CIELAB,9.12449558343,0.0937326646988,24.936308164,13.2116996329,1.20318996906,0.0395416021347
girl,Floyd-Steinberg,Softmax (α=0.5),CIEXYY,11.1463575947,0.340767888277,17.8298855266,14.8102976922,0.513553142548,0.284770488739
girl,Floyd-Steinberg,Error-scaled (scale),RGB,11.7047657652,0.306162586464,19.4416892672,10.668867674,0.619720518589,0.0586934685707
girl,Floyd-Steinberg,Error-scaled (scale),CIELAB,10.3970507677,0.277666178906,19.2438825465,13.3115980572,0.766363680363,0.0948997735977
girl,Floyd-Steinberg,Error-scaled (scale),CIEXYY,9.00315910187,0.236913807718,25.3241777865,17.8037738383,0.863340139389,0.234973430634
girl,Floyd-Steinberg,Error-scaled (weighted_target),RGB,9.81860767642,0.132200058108,25.175919351,12.6418461132,0.952888667583,0.0217364430428
girl,Floyd-Steinberg,Error-scaled (weighted_target),CIELAB,9.11490785265,0.102713155643,24.7768985646,13.5049463843,1.16334652901,0.0467643737793
girl,Floyd-Steinberg,Error-scaled (weighted_target),CIEXYY,7.89969432689,0.0932600802125,32.1993736742,28.348556104,1.15709090233,0.460089325905
girl,Floyd-Steinberg,Error-scaled (confidence),RGB,11.1827070211,0.271647028063,20.6850793226,10.3555817821,0.725742697716,0.0434540510178
girl,Floyd-Steinberg,Error-scaled (confidence),CIELAB,9.92787616374,0.218498838062,20.6002323361,12.9350796272,0.922243177891,0.0626333355904
girl,Floyd-Steinberg,Error-scaled (confidence),CIEXYY,8.9933772418,0.22307060595,25.7078663339,15.2937710996,0.895253658295,0.29298377037
girl,Jarvis-Judice-Ninke,Nearest-colour,RGB,9.82628972951,0.129058264677,25.1685401133,12.5644399537,1.05496144295,0.0192500352859
girl,Jarvis-Judice-Ninke,Nearest-colour,CIELAB,9.14541657557,0.101808500735,24.7388373572,13.4268626385,1.21628308296,0.041452229023
girl,Jarvis-Judice-Ninke,Nearest-colour,CIEXYY,7.86055157273,0.0867174068508,32.370220143,29.1480443367,1.26319038868,0.474752306938
girl,Jarvis-Judice-Ninke,Weight-driven,RGB,11.6806930552,0.353589161762,17.1966705605,16.5936886049,0.485533297062,0.256698012352
girl,Jarvis-Judice-Ninke,Weight-driven,CIELAB,11.6806930552,0.353589161762,17.1966705605,16.5936886049,0.485533297062,0.257287859917
girl,Jarvis-Judice-Ninke,Weight-driven,CIEXYY,11.6806932689,0.353589167021,17.1966702339,16.593687724,0.485533297062,0.257296144962
girl,Jarvis-Judice-Ninke,Weighted-nearest (α=0.5),RGB,11.6712595971,0.354409214604,17.2065779987,16.5364222615,0.486588329077,0.249484360218
girl,Jarvis-Judice-Ninke,Weighted-nearest (α=0.5),CIELAB,11.6735277401,0.353811373779,17.2145903926,16.5132669905,0.485902011395,0.25581151247
girl,Jarvis-Judice-Ninke,Weighted-nearest (α=0.5),CIEXYY,11.6782926392,0.353139268328,17.1976738956,16.5805740866,0.48530036211,0.257232367992
girl,Jarvis-Judice-Ninke,Softmax (α=0.5),RGB,9.41075693234,0.16161644641,24.1149810139,13.8098645379,1.04768228531,0.0470935106277
girl,Jarvis-Judice-Ninke,Softmax (α=0.5),CIELAB,9.14775574856,0.102083294752,24.7340340969,13.4231488776,1.21996331215,0.0416541099548
girl,Jarvis-Judice-Ninke,Softmax (α=0.5),CIEXYY,11.1107654068,0.336548752778,17.9162323618,14.8234202284,0.514435529709,0.275428712368
girl,Jarvis-Judice-Ninke,Error-scaled (scale),RGB,11.9589105627,0.316219514975,19.0830922821,10.8710280137,0.652739882469,0.0654945373535
girl,Jarvis-Judice-Ninke,Error-scaled (scale),CIELAB,10.6331556096,0.289318653601,18.7543766441,13.2314440096,0.809811592102,0.104530453682
girl,Jarvis-Judice-Ninke,Error-scaled (scale),CIEXYY,8.92291715367,0.233227184747,25.3892012627,18.2003562532,0.908702194691,0.254295647144
girl,Jarvis-Judice-Ninke,Error-scaled (weighted_target),RGB,9.97149524624,0.147215903388,24.8790376076,12.5301430585,0.931780159473,0.0295208692551
girl,Jarvis-Judice-Ninke,Error-scaled (weighted_target),CIELAB,9.14069493798,0.115750659931,24.4616632901,13.7643529823,1.12689673901,0.0510042905807
girl,Jarvis-Judice-Ninke,Error-scaled (weighted_target),CIEXYY,8.10907404478,0.111001282685,31.0216508153,26.2570238648,1.14150178432,0.461396217346
girl,Jarvis-Judice-Ninke,Error-scaled (confidence),RGB,11.4386476349,0.283522286497,20.2201492541,10.3457604283,0.746426165104,0.0494334697723
girl,Jarvis-Judice-Ninke,Error-scaled (confidence),CIELAB,10.1343457993,0.232552740768,20.0322144053,12.8456883359,0.939608335495,0.0708162784576
girl,Jarvis-Judice-Ninke,Error-scaled (confidence),CIEXYY,8.94481963865,0.222670897467,25.5725798938,16.1187780566,0.943216741085,0.295444250107
girl,Stucki,Nearest-colour,RGB,9.81047818381,0.128798340013,25.1943483391,12.5983983861,1.00160682201,0.0177032351494
girl,Stucki,Nearest-colour,CIELAB,9.14350647388,0.101059544303,24.764648539,13.4036735414,1.18728506565,0.0391944646835
girl,Stucki,Nearest-colour,CIEXYY,7.82951938205,0.0859858739783,32.5551169072,29.2508119448,1.22206830978,0.470491528511
girl,Stucki,Weight-driven,RGB,11.6806930552,0.353589161762,17.1966705605,16.5936886049,0.485533297062,0.256698012352
girl,Stucki,Weight-driven,CIELAB,11.6806930552,0.353589161762,17.1966705605,16.5936886049,0.485533297062,0.257287859917
girl,Stucki,Weight-driven,CIEXYY,11.6806932689,0.353589167021,17.1966702339,16.593687724,0.485533297062,0.257296144962
girl,Stucki,Weighted-nearest (α=0.5),RGB,11.6692896954,0.354378327644,17.208752407,16.5398178243,0.486254602671,0.249393701553
girl,Stucki,Weighted-nearest (α=0.5),CIELAB,11.673242788,0.353799186606,17.2138001515,16.5136940804,0.486112803221,0.256576895714
girl,Stucki,Weighted-nearest (α=0.5),CIEXYY,11.6784729365,0.353186418058,17.1970726745,16.579478097,0.485335797071,0.257555663586
girl,Stucki,Softmax (α=0.5),RGB,9.39376065082,0.158848619264,24.1789540392,13.8052833209,1.00919032097,0.040836751461
girl,Stucki,Softmax (α=0.5),CIELAB,9.14622907878,0.101345994582,24.759851165,13.402244652,1.19141209126,0.0424686670303
girl,Stucki,Softmax (α=0.5),CIEXYY,11.120457589,0.337632005528,17.8910689187,14.8498890952,0.515088677406,0.279432535172
girl,Stucki,Error-scaled (scale),RGB,11.9290268762,0.315688971529,19.0847896227,10.8080072198,0.614885807037,0.0643704533577
girl,Stucki,Error-scaled (scale),CIELAB,10.6055464661,0.288400913785,18.8087602348,13.2450985486,0.764452397823,0.100890636444
girl,Stucki,Error-scaled (scale),CIEXYY,8.93719501931,0.233651368702,25.3619663913,18.1539460574,0.86777150631,0.252308785915
girl,Stucki,Error-scaled (weighted_target),RGB,9.95178383977,0.145519627407,24.8811561383,12.5552800765,0.880075633526,0.0317196846008
girl,Stucki,Error-scaled (weighted_target),CIELAB,9.13204500712,0.113825606984,24.5107322642,13.7338990801,1.0963435173,0.0504720211029
girl,Stucki,Error-scaled (weighted_target),CIEXYY,8.09160332898,0.108921925064,31.1274639359,26.3767503293,1.09631586075,0.457760989666
girl,Stucki,Error-scaled (confidence),RGB,11.4090896944,0.282722092373,20.2423526183,10.3203930065,0.69577139616,0.0488106012344
girl,Stucki,Error-scaled (confidence),CIELAB,10.1098287644,0.230842477894,20.0980739073,12.8494626356,0.906002640724,0.0696140527725
girl,Stucki,Error-scaled (confidence),CIEXYY,8.95206182202,0.222616266243,25.5838682761,16.0300599204,0.901326775551,0.296792864799
liquid-glass,Floyd-Steinberg,Nearest-colour,RGB,11.5685731022,0.260075815152,15.159112041,13.1741983173,0.856998562813,0.0172911882401
liquid-glass,Floyd-Steinberg,Nearest-colour,CIELAB,11.8907409848,0.284622243415,13.5644973154,11.0366349709,0.895582854748,0.037865459919
liquid-glass,Floyd-Steinberg,Nearest-colour,CIEXYY,6.49752337833,0.160056328013,33.4561746618,44.3791363059,1.13676428795,0.472759068012
liquid-glass,Floyd-Steinberg,Weight-driven,RGB,15.2866547387,0.471839618845,9.58307279323,11.1047169282,0.281492143869,0.158885776997
liquid-glass,Floyd-Steinberg,Weight-driven,CIELAB,15.2866547387,0.471839618845,9.58307279323,11.1047169282,0.281492143869,0.158917665482
liquid-glass,Floyd-Steinberg,Weight-driven,CIEXYY,15.2866556221,0.471839723701,9.58307277113,11.1047163577,0.281492143869,0.15876185894
liquid-glass,Floyd-Steinberg,Weighted-nearest (α=0.5),RGB,15.2221324146,0.463713884682,9.62613965124,11.5201834443,0.344172686338,0.155600607395
liquid-glass,Floyd-Steinberg,Weighted-nearest (α=0.5),CIELAB,15.2817093791,0.472232558858,9.59256771884,11.153124898,0.281926244497,0.154886305332
liquid-glass,Floyd-Steinberg,Weighted-nearest (α=0.5),CIEXYY,15.2885811921,0.471920080113,9.57205780495,11.0913489368,0.281056255102,0.156363964081
liquid-glass,Floyd-Steinberg,Softmax (α=0.5),RGB,11.6528717702,0.274030177079,13.8601953451,13.4150976306,0.901311278343,0.0272505283356
liquid-glass,Floyd-Steinberg,Softmax (α=0.5),CIELAB,11.8914025548,0.284172397878,13.5649516018,11.0362117358,0.898863792419,0.037758231163
liquid-glass,Floyd-Steinberg,Softmax (α=0.5),CIEXYY,13.0570450624,0.410732130823,11.2787103385,11.4430589827,0.344020545483,0.193019151688
liquid-glass,Floyd-Steinberg,Error-scaled (scale),RGB,14.3902870645,0.434576816722,10.5139373342,9.92162492086,0.319364458323,0.064901471138
liquid-glass,Floyd-Steinberg,Error-scaled (scale),CIELAB,14.3984847966,0.43873788906,10.119862644,10.0697464887,0.371323734522,0.0746008753777
liquid-glass,Floyd-Steinberg,Error-scaled (scale),CIEXYY,6.0189155599,0.114524303788,35.7776053075,29.1621158852,1.0193413496,0.243320822716
liquid-glass,Floyd-Steinberg,Error-scaled (weighted_target),RGB,11.7513554738,0.279041595545,14.7289945201,13.0694362121,0.817176103592,0.021342754364
liquid-glass,Floyd-Steinberg,Error-scaled (weighted_target),CIELAB,12.0508214891,0.302914294913,13.3109386376,11.0500817479,0.847504496574,0.0359688401222
liquid-glass,Floyd-Steinberg,Error-scaled (weighted_target),CIEXYY,6.49725809294,0.16625860921,33.2484340369,44.1799497327,1.11183667183,0.462527632713
liquid-glass,Floyd-Steinberg,Error-scaled (confidence),RGB,13.4905903044,0.381924640835,11.499858366,9.53081515684,0.388580590487,0.0462276935577
liquid-glass,Floyd-Steinberg,Error-scaled (confidence),CIELAB,13.6610324419,0.3994740359,10.8861175974,9.13636208519,0.44313377142,0.0556373596191
liquid-glass,Floyd-Steinberg,Error-scaled (confidence),CIEXYY,6.08342867548,0.105328164673,35.5299158253,27.944712061,1.04597961903,0.250465869904
liquid-glass,Jarvis-Judice-Ninke,Nearest-colour,RGB,11.7652275806,0.269241884819,14.6998067424,13.0085995494,0.865427851677,0.019056558609
liquid-glass,Jarvis-Judice-Ninke,Nearest-colour,CIELAB,12.0666145835,0.295536480764,13.2757268349,11.0501067739,0.897652029991,0.030930519104
liquid-glass,Jarvis-Judice-Ninke,Nearest-colour,CIEXYY,6.46631572069,0.161131520314,33.4128525571,45.039033108,1.18371844292,0.4623234272
liquid-glass,Jarvis-Judice-Ninke,Weight-driven,RGB,15.2866547387,0.471839618845,9.58307279323,11.1047169282,0.281492143869,0.158885776997
liquid-glass,Jarvis-Judice-Ninke,Weight-driven,CIELAB,15.2866547387,0.471839618845,9.58307279323,11.1047169282,0.281492143869,0.158917665482
liquid-glass,Jarvis-Judice-Ninke,Weight-driven,CIEXYY,15.2866556221,0.471839723701,9.58307277113,11.1047163577,0.281492143869,0.15876185894
liquid-glass,Jarvis-Judice-Ninke,Weighted-nearest (α=0.5),RGB,15.229211307,0.466537757053,9.62857487048,11.5234597065,0.329970777035,0.155563235283
liquid-glass,Jarvis-Judice-Ninke,Weighted-nearest (α=0.5),CIELAB,15.2769576832,0.472461927919,9.61197139611,11.2405211251,0.280116677284,0.155654966831
liquid-glass,Jarvis-Judice-Ninke,Weighted-nearest (α=0.5),CIEXYY,15.2900761279,0.471964152889,9.5700477686,11.0979954416,0.281025856733,0.156396090984
liquid-glass,Jarvis-Judice-Ninke,Softmax (α=0.5),RGB,11.8391590032,0.287475526191,13.553812961,13.1583522307,0.893953323364,0.0299009084702
liquid-glass,Jarvis-Judice-Ninke,Softmax (α=0.5),CIELAB,12.0657696511,0.295946145481,13.2761349427,11.0474395575,0.896793246269,0.0317071676254
liquid-glass,Jarvis-Judice-Ninke,Softmax (α=0.5),CIEXYY,13.1350767923,0.417300940211,11.2073097256,11.7288907186,0.334717035294,0.195249557495
liquid-glass,Jarvis-Judice-Ninke,Error-scaled (scale),RGB,14.7403686876,0.443749706137,10.1602793327,10.0866490253,0.347275137901,0.0694405436516
liquid-glass,Jarvis-Judice-Ninke,Error-scaled (scale),CIELAB,14.656733273,0.445122947512,9.89865615831,10.3507772786,0.390905469656,0.0813325047493
liquid-glass,Jarvis-Judice-Ninke,Error-scaled (scale),CIEXYY,5.83866329253,0.112997613769,36.6140430246,29.4754442498,0.999650478363,0.253492951393
liquid-glass,Jarvis-Judice-Ninke,Error-scaled (weighted_target),RGB,11.9524869636,0.294011973736,14.2481241319,12.7897971238,0.809787213802,0.0237546563148
liquid-glass,Jarvis-Judice-Ninke,Error-scaled (weighted_target),CIELAB,12.2006846527,0.317550077922,13.0454292105,10.9546470691,0.806247234344,0.0334548950195
liquid-glass,Jarvis-Judice-Ninke,Error-scaled (weighted_target),CIEXYY,6.47352568449,0.170026632993,33.1699492417,44.8784281948,1.15290534496,0.462265253067
liquid-glass,Jarvis-Judice-Ninke,Error-scaled (confidence),RGB,13.8958244828,0.395866094963,11.0172387346,9.63072158257,0.415336191654,0.051776766777
liquid-glass,Jarvis-Judice-Ninke,Error-scaled (confidence),CIELAB,13.957688224,0.406986960793,10.582838457,9.40135814211,0.460266649723,0.0593414902687
liquid-glass,Jarvis-Judice-Ninke,Error-scaled (confidence),CIEXYY,5.89876667859,0.104864537263,36.295044656,28.3395858782,1.04308331013,0.265629172325
liquid-glass,Stucki,Nearest-colour,RGB,11.7392414709,0.267375956241,14.7699175892,13.0185534123,0.834212601185,0.0183178186417
liquid-glass,Stucki,Nearest-colour,CIELAB,12.0460720252,0.293811334489,13.3128103533,11.0402136694,0.875195026398,0.033768415451
liquid-glass,Stucki,Nearest-colour,CIEXYY,6.47180766783,0.160754984758,33.4156528303,44.8637081013,1.12927174568,0.464008927345
liquid-glass,Stucki,Weight-driven,RGB,15.2866547387,0.471839618845,9.58307279323,11.1047169282,0.281492143869,0.158885776997
liquid-glass,Stucki,Weight-driven,CIELAB,15.2866547387,0.471839618845,9.58307279323,11.1047169282,0.281492143869,0.158917665482
liquid-glass,Stucki,Weight-driven,CIEXYY,15.2866556221,0.471839723701,9.58307277113,11.1047163577,0.281492143869,0.15876185894
liquid-glass,Stucki,Weighted-nearest (α=0.5),RGB,15.2286873861,0.465882182703,9.62720664223,11.5074683918,0.330749571323,0.154529154301
liquid-glass,Stucki,Weighted-nearest (α=0.5),CIELAB,15.275609548,0.472344691383,9.60836594786,11.224391265,0.280214250088,0.155182719231
liquid-glass,Stucki,Weighted-nearest (α=0.5),CIEXYY,15.2890660648,0.47195443621,9.57024428165,11.0931253864,0.281024456024,0.156480610371
liquid-glass,Stucki,Softmax (α=0.5),RGB,11.817468911,0.285279548799,13.5897294879,13.1689757008,0.871745169163,0.0296794176102
liquid-glass,Stucki,Softmax (α=0.5),CIELAB,12.0469938776,0.294143351629,13.3121580612,11.0390918143,0.873382389545,0.0334077477455
liquid-glass,Stucki,Softmax (α=0.5),CIEXYY,13.1167782684,0.415285034409,11.2253167846,11.6472868467,0.336637794971,0.19499784708
liquid-glass,Stucki,Error-scaled (scale),RGB,14.7012973956,0.442792407753,10.1999192737,10.0663000492,0.320951342583,0.0686184167862
liquid-glass,Stucki,Error-scaled (scale),CIELAB,14.6309116275,0.444549801243,9.92155604183,10.3165657193,0.368890762329,0.0794686079025
liquid-glass,Stucki,Error-scaled (scale),CIEXYY,5.85437718861,0.113235862488,36.5348999617,29.4513204044,0.970196187496,0.253124833107
liquid-glass,Stucki,Error-scaled (weighted_target),RGB,11.9282241833,0.291781186057,14.3179465885,12.7969579937,0.778189361095,0.0228027105331
liquid-glass,Stucki,Error-scaled (weighted_target),CIELAB,12.1849359652,0.316028201569,13.0747401965,10.9525324846,0.783968985081,0.0327409505844
liquid-glass,Stucki,Error-scaled (weighted_target),CIEXYY,6.47832390314,0.1695322678,33.1799215789,44.6877027511,1.09636557102,0.461957931519
liquid-glass,Stucki,Error-scaled (confidence),RGB,13.8511918394,0.394392645883,11.0760116725,9.6137512958,0.387664824724,0.0515837669373
liquid-glass,Stucki,Error-scaled (confidence),CIELAB,13.9264190322,0.406156274851,10.6155794953,9.36893578367,0.436529278755,0.0590353012085
liquid-glass,Stucki,Error-scaled (confidence),CIEXYY,5.9150427573,0.104967592075,36.2256053502,28.313271623,1.00733208656,0.2628942132
negroni,Stucki,Nearest-colour,RGB,13.8968964533,0.186733183134,13.383541054,2.92065386244,0.81695330143,0.0124480128288
negroni,Stucki,Nearest-colour,CIELAB,12.9865260099,0.136338458983,11.4009087374,2.58264172813,0.859752118587,0.0122851729393
negroni,Stucki,Nearest-colour,CIEXYY,11.4224284728,0.129518214809,19.6973068001,2.68120732907,0.948658704758,0.0528441667557
negroni,Stucki,Weight-driven,RGB,19.0138155112,0.782408544542,8.1009100243,4.9928196629,0.3203137815,0.0622482895851
negroni,Stucki,Weight-driven,CIELAB,19.0138155112,0.782408544541,8.1009100243,4.9928196629,0.3203137815,0.0621554255486
negroni,Stucki,Weight-driven,CIEXYY,19.0138164543,0.782408796743,8.10091066523,4.99281929362,0.320313811302,0.0604103803635
negroni,Stucki,Weighted-nearest (α=0.5),RGB,18.6610428426,0.761142414965,8.24100072656,4.92699850212,0.363086014986,0.0562170743942
negroni,Stucki,Weighted-nearest (α=0.5),CIELAB,19.007374971,0.782517368511,8.07443175497,4.97205299772,0.32006791234,0.057556271553
negroni,Stucki,Weighted-nearest (α=0.5),CIEXYY,18.8586264431,0.775881094653,8.16423411478,4.9582583171,0.340943455696,0.0561185479164
negroni,Stucki,Softmax (α=0.5),RGB,13.0600334775,0.173151938359,12.2560766726,2.89136305215,0.842541337013,0.0205236077309
negroni,Stucki,Softmax (α=0.5),CIELAB,12.9884681555,0.136574222102,11.3961872395,2.58159721267,0.859181940556,0.012334048748
negroni,Stucki,Softmax (α=0.5),CIEXYY,10.9371567203,0.217804661731,16.7133144888,2.69258452233,0.875139057636,0.103347539902
negroni,Stucki,Error-scaled (scale),RGB,18.4596346605,0.522236979704,12.1749786685,3.94416214005,0.490721553564,0.0290240645409
negroni,Stucki,Error-scaled (scale),CIELAB,18.9027173892,0.788597829831,6.49487600933,4.16881679958,0.323177754879,0.0299111604691
negroni,Stucki,Error-scaled (scale),CIEXYY,15.2309568931,0.445831015926,17.1887553277,3.54540824355,0.631951212883,0.0607029795647
negroni,Stucki,Error-scaled (weighted_target),RGB,14.3330985685,0.218029554177,13.116622927,2.9707728858,0.777935445309,0.0174708366394
negroni,Stucki,Error-scaled (weighted_target),CIELAB,13.2335366195,0.15759324852,11.1051454484,2.64118939534,0.832652449608,0.0178000926971
negroni,Stucki,Error-scaled (weighted_target),CIEXYY,11.9509889687,0.145807912036,20.1420554827,3.44428349282,0.925125360489,0.0580422878265
negroni,Stucki,Error-scaled (confidence),RGB,15.7234618279,0.250657852752,12.835839806,3.56031743112,0.667323827744,0.0172707438469
negroni,Stucki,Error-scaled (confidence),CIELAB,17.2780343158,0.612058772551,7.26669875574,3.87913326915,0.47156894207,0.0229446291924
negroni,Stucki,Error-scaled (confidence),CIEXYY,12.8111878803,0.162520152114,19.3283181374,3.32892805633,0.851012408733,0.0535191297531
negroni,Floyd-Steinberg,Nearest-colour,RGB,13.6274137786,0.168148476269,13.5404548877,2.88951187358,0.82420617342,0.00975739955902
negroni,Floyd-Steinberg,Nearest-colour,CIELAB,12.8056909368,0.123836076448,11.6288723649,2.55045015321,0.851750135422,0.0129873156548
negroni,Floyd-Steinberg,Nearest-colour,CIEXYY,11.0994163249,0.113845988983,19.6348022354,2.25723655808,0.979763031006,0.04962682724
negroni,Floyd-Steinberg,Weight-driven,RGB,19.0138155112,0.782408544542,8.1009100243,4.9928196629,0.3203137815,0.0622482895851
negroni,Floyd-Steinberg,Weight-driven,CIELAB,19.0138155112,0.782408544541,8.1009100243,4.9928196629,0.3203137815,0.0621554255486
negroni,Floyd-Steinberg,Weight-driven,CIEXYY,19.0138164543,0.782408796743,8.10091066523,4.99281929362,0.320313811302,0.0604103803635
negroni,Floyd-Steinberg,Weighted-nearest (α=0.5),RGB,18.7642779891,0.767564790205,8.20033928826,4.94682068833,0.354925692081,0.0563071966171
negroni,Floyd-Steinberg,Weighted-nearest (α=0.5),CIELAB,19.0082892197,0.782536949853,8.07357222453,4.97634718802,0.319911062717,0.0574424862862
negroni,Floyd-Steinberg,Weighted-nearest (α=0.5),CIEXYY,18.8878042708,0.777718205964,8.15309636267,4.96249224466,0.341945081949,0.0574144124985
negroni,Floyd-Steinberg,Softmax (α=0.5),RGB,12.8631415744,0.159052510794,12.4742463725,2.90317280005,0.846134781837,0.018449485302
negroni,Floyd-Steinberg,Softmax (α=0.5),CIELAB,12.8095933792,0.124262330018,11.6211348673,2.55129656799,0.849443614483,0.0122393369675
negroni,Floyd-Steinberg,Softmax (α=0.5),CIEXYY,10.8565742205,0.211975240423,16.8846667485,2.66725431317,0.88281005621,0.103659391403
negroni,Floyd-Steinberg,Error-scaled (scale),RGB,17.8510340749,0.494094350128,12.2922627715,3.92016344821,0.496584773064,0.0287930369377
negroni,Floyd-Steinberg,Error-scaled (scale),CIELAB,18.4624163835,0.777514639635,6.64835998776,4.18274889765,0.334483265877,0.0286667943001
negroni,Floyd-Steinberg,Error-scaled (scale),CIEXYY,14.7168752955,0.417167111756,17.5196751974,3.47930269409,0.664178013802,0.0579054355621
negroni,Floyd-Steinberg,Error-scaled (weighted_target),RGB,13.9735508343,0.19068242938,13.3956455299,2.94843055755,0.7829220891,0.0142582058907
negroni,Floyd-Steinberg,Error-scaled (weighted_target),CIELAB,13.0004312732,0.137433338798,11.3833212137,2.58253502288,0.824402809143,0.0153044462204
negroni,Floyd-Steinberg,Error-scaled (weighted_target),CIEXYY,11.5412037555,0.131567843641,19.9234701225,2.92316663687,0.954936742783,0.055118560791
negroni,Floyd-Steinberg,Error-scaled (confidence),RGB,15.0874152191,0.217169611225,13.1102256551,3.48148294914,0.709489703178,0.015288412571
negroni,Floyd-Steinberg,Error-scaled (confidence),CIELAB,16.5515857209,0.567038308709,7.66340898541,3.78790127983,0.520848989487,0.0205334424973
negroni,Floyd-Steinberg,Error-scaled (confidence),CIEXYY,12.502354838,0.147971560841,19.6440862352,3.27419412275,0.876316905022,0.0501228570938
negroni,Jarvis-Judice-Ninke,Nearest-colour,RGB,13.9375350368,0.190264457856,13.3539916949,2.92389616021,0.821423530579,0.0111698508263
negroni,Jarvis-Judice-Ninke,Nearest-colour,CIELAB,13.0170446922,0.138402627813,11.3651944803,2.59349729605,0.860618770123,0.013857126236
negroni,Jarvis-Judice-Ninke,Nearest-colour,CIEXYY,11.4584471416,0.130908482814,19.6860918108,2.72062652891,0.954014718533,0.0524997711182
negroni,Jarvis-Judice-Ninke,Weight-driven,RGB,19.0138155112,0.782408544542,8.1009100243,4.9928196629,0.3203137815,0.0622482895851
negroni,Jarvis-Judice-Ninke,Weight-driven,CIELAB,19.0138155112,0.782408544541,8.1009100243,4.9928196629,0.3203137815,0.0621554255486
negroni,Jarvis-Judice-Ninke,Weight-driven,CIEXYY,19.0138164543,0.782408796743,8.10091066523,4.99281929362,0.320313811302,0.0604103803635
negroni,Jarvis-Judice-Ninke,Weighted-nearest (α=0.5),RGB,18.6567863762,0.761056632649,8.24256271573,4.9246081336,0.364021956921,0.0567355155945
negroni,Jarvis-Judice-Ninke,Weighted-nearest (α=0.5),CIELAB,19.0067680801,0.782517946541,8.07434807639,4.97123058031,0.320026159286,0.0575535297394
negroni,Jarvis-Judice-Ninke,Weighted-nearest (α=0.5),CIEXYY,18.8468084432,0.775479400398,8.16867215633,4.95686837102,0.343054234982,0.0570262670517
negroni,Jarvis-Judice-Ninke,Softmax (α=0.5),RGB,13.0921916148,0.175623025557,12.2181524524,2.89028203752,0.842395603657,0.0210960507393
negroni,Jarvis-Judice-Ninke,Softmax (α=0.5),CIELAB,13.0206750561,0.138749869307,11.3593174907,2.59364978583,0.860149085522,0.0137785673141
negroni,Jarvis-Judice-Ninke,Softmax (α=0.5),CIEXYY,10.9563438799,0.219572943604,16.6705120594,2.70603095433,0.8806245327,0.103207886219
negroni,Jarvis-Judice-Ninke,Error-scaled (scale),RGB,18.5153530662,0.527181198979,12.1569592734,3.94306586035,0.517162024975,0.0283955335617
negroni,Jarvis-Judice-Ninke,Error-scaled (scale),CIELAB,18.9351440001,0.789631217498,6.4836633499,4.16225721208,0.331040263176,0.0301464796066
negroni,Jarvis-Judice-Ninke,Error-scaled (scale),CIEXYY,15.281968806,0.449331110637,17.1634249867,3.55211252154,0.634191453457,0.0607033371925
negroni,Jarvis-Judice-Ninke,Error-scaled (weighted_target),RGB,14.3745873285,0.222966832941,13.0723523446,2.97052098789,0.780456781387,0.0189583301544
negroni,Jarvis-Judice-Ninke,Error-scaled (weighted_target),CIELAB,13.2641471365,0.161002342075,11.0689325255,2.64577944506,0.835468232632,0.0176682472229
negroni,Jarvis-Judice-Ninke,Error-scaled (weighted_target),CIEXYY,11.9876268096,0.147104143574,20.1545455074,3.48640778862,0.929023981094,0.0589897632599
negroni,Jarvis-Judice-Ninke,Error-scaled (confidence),RGB,15.784922869,0.257217800054,12.7995058228,3.55991344733,0.675900220871,0.0184280872345
negroni,Jarvis-Judice-Ninke,Error-scaled (confidence),CIELAB,17.3601018452,0.617643100886,7.22716814272,3.88676775769,0.47491428256,0.0236889123917
negroni,Jarvis-Judice-Ninke,Error-scaled (confidence),CIEXYY,12.8440021228,0.164272488454,19.2933670326,3.33468690355,0.853904366493,0.0540042519569
peacock,Floyd-Steinberg,Nearest-colour,RGB,13.4427372925,0.359770332501,23.1720109335,10.0177214416,0.525904238224,0.00209504365921
peacock,Floyd-Steinberg,Nearest-colour,CIELAB,11.8050279325,0.270146614868,22.5502006084,13.0413303869,0.733199715614,0.0153933167458
peacock,Floyd-Steinberg,Nearest-colour,CIEXYY,12.8912623147,0.226920780039,25.0844344193,12.9936228786,0.904428243637,0.0559460520744
peacock,Floyd-Steinberg,Weight-driven,RGB,13.4030424501,0.356701506825,19.7662481466,15.7033232367,0.439993143082,0.12093091011
peacock,Floyd-Steinberg,Weight-driven,CIELAB,13.4030424501,0.356701506825,19.7662481466,15.7033232367,0.439993143082,0.121021866798
peacock,Floyd-Steinberg,Weight-driven,CIEXYY,13.4030428082,0.356701538255,19.7662475696,15.7033227152,0.439993143082,0.12097465992
peacock,Floyd-Steinberg,Weighted-nearest (α=0.5),RGB,13.3772022748,0.364055339583,19.7970992681,15.6266016951,0.437125563622,0.121074020863
peacock,Floyd-Steinberg,Weighted-nearest (α=0.5),CIELAB,13.3945601905,0.35897790699,19.7553078497,15.7129479687,0.438286542892,0.121926486492
peacock,Floyd-Steinberg,Weighted-nearest (α=0.5),CIEXYY,13.420321012,0.35781708097,19.7535506594,15.6549992712,0.439808815718,0.121203482151
peacock,Floyd-Steinberg,Softmax (α=0.5),RGB,12.4569966173,0.351018394136,23.03397902,12.6470705849,0.648992657661,0.00426250696182
peacock,Floyd-Steinberg,Softmax (α=0.5),CIELAB,11.8064823787,0.270330813171,22.547156905,13.038593454,0.732421457767,0.0153293609619
peacock,Floyd-Steinberg,Softmax (α=0.5),CIEXYY,14.4929299066,0.385239530824,19.4682482386,11.6404098274,0.533457756042,0.0634241104126
peacock,Floyd-Steinberg,Error-scaled (scale),RGB,14.7208112808,0.42999864103,21.3354784265,7.57842337283,0.415724217892,0.0143918395042
peacock,Floyd-Steinberg,Error-scaled (scale),CIELAB,12.9893542809,0.337173793595,20.3446277902,9.15326291094,0.519728422165,0.00997507572174
peacock,Floyd-Steinberg,Error-scaled (scale),CIEXYY,13.0681915563,0.288763458757,23.4677763172,12.2908076715,0.734513342381,0.0441373586655
peacock,Floyd-Steinberg,Error-scaled (weighted_target),RGB,13.8819428965,0.401432876019,22.8434154302,9.60127572202,0.540380001068,0.00404518842697
peacock,Floyd-Steinberg,Error-scaled (weighted_target),CIELAB,12.0680146367,0.303621488306,22.0224707997,13.1333732834,0.682947576046,0.0175654888153
peacock,Floyd-Steinberg,Error-scaled (weighted_target),CIEXYY,13.1702313089,0.285266632223,24.6142778992,13.1393949899,0.853434324265,0.0627203583717
peacock,Floyd-Steinberg,Error-scaled (confidence),RGB,14.0153073608,0.395106452304,22.2206021217,8.7768045461,0.446399688721,0.00529819726944
peacock,Floyd-Steinberg,Error-scaled (confidence),CIELAB,12.3314292773,0.303490451857,21.3941270951,11.2667430449,0.615809619427,0.00997340679169
peacock,Floyd-Steinberg,Error-scaled (confidence),CIEXYY,12.8632257359,0.253623731658,24.2528395374,12.6645872995,0.810633659363,0.0397223234177
peacock,Jarvis-Judice-Ninke,Nearest-colour,RGB,13.9436138777,0.411012177231,22.7393124439,9.58080681922,0.644463419914,0.00390934944153
peacock,Jarvis-Judice-Ninke,Nearest-colour,CIELAB,12.1345037548,0.314470572364,21.8351356887,13.1778774966,0.780161142349,0.0162433385849
peacock,Jarvis-Judice-Ninke,Nearest-colour,CIEXYY,13.1276060434,0.268048454706,24.7138041709,13.2564505042,0.943559408188,0.0573644042015
peacock,Jarvis-Judice-Ninke,Weight-driven,RGB,13.4030424501,0.356701506825,19.7662481466,15.7033232367,0.439993143082,0.12093091011
peacock,Jarvis-Judice-Ninke,Weight-driven,CIELAB,13.4030424501,0.356701506825,19.7662481466,15.7033232367,0.439993143082,0.121021866798
peacock,Jarvis-Judice-Ninke,Weight-driven,CIEXYY,13.4030428082,0.356701538255,19.7662475696,15.7033227152,0.439993143082,0.12097465992
peacock,Jarvis-Judice-Ninke,Weighted-nearest (α=0.5),RGB,13.4011942969,0.370479845177,19.7672714007,15.5617538485,0.434089571238,0.116808831692
peacock,Jarvis-Judice-Ninke,Weighted-nearest (α=0.5),CIELAB,13.4007743336,0.3608107652,19.7298651979,15.670558024,0.437665522099,0.120142042637
peacock,Jarvis-Judice-Ninke,Weighted-nearest (α=0.5),CIEXYY,13.4417006627,0.358715612136,19.734463421,15.5822368876,0.440229326487,0.120651721954
peacock,Jarvis-Judice-Ninke,Softmax (α=0.5),RGB,12.7896319909,0.396825605933,22.3139438429,12.8767474883,0.633586764336,0.00894236564636
peacock,Jarvis-Judice-Ninke,Softmax (α=0.5),CIELAB,12.1375034313,0.314650671306,21.8327429795,13.1780302272,0.777569890022,0.0165086388588
peacock,Jarvis-Judice-Ninke,Softmax (α=0.5),CIEXYY,14.5584319118,0.388129275587,19.4213321059,11.7597015815,0.531825840473,0.0642247796059
peacock,Jarvis-Judice-Ninke,Error-scaled (scale),RGB,15.3122214171,0.470827290506,20.77114012,7.30855991854,0.489196658134,0.0191147327423
peacock,Jarvis-Judice-Ninke,Error-scaled (scale),CIELAB,13.512476687,0.382769426109,19.6199923372,8.64844105359,0.565038979053,0.0116474032402
peacock,Jarvis-Judice-Ninke,Error-scaled (scale),CIEXYY,13.4903513808,0.334309337789,22.9883347066,12.0930628391,0.79058021307,0.0478254556656
peacock,Jarvis-Judice-Ninke,Error-scaled (weighted_target),RGB,14.3039938242,0.441110512709,22.5458985721,9.22365843915,0.565545201302,0.0080937743187
peacock,Jarvis-Judice-Ninke,Error-scaled (weighted_target),CIELAB,12.3832229475,0.345926610655,21.2693715535,13.3022226597,0.664493560791,0.0218177437782
peacock,Jarvis-Judice-Ninke,Error-scaled (weighted_target),CIEXYY,13.4219865995,0.326705778634,24.1688232806,13.2395406844,0.829382419586,0.0691246986389
peacock,Jarvis-Judice-Ninke,Error-scaled (confidence),RGB,14.6019551995,0.440293616301,21.6643551163,8.11633007292,0.544312179089,0.00824117660522
peacock,Jarvis-Judice-Ninke,Error-scaled (confidence),CIELAB,12.7857150269,0.349018261032,20.5887577612,10.8274418282,0.662905693054,0.0102542042732
peacock,Jarvis-Judice-Ninke,Error-scaled (confidence),CIEXYY,13.2287313974,0.295483898322,23.8123202312,12.7701973824,0.863312065601,0.0420859456062
peacock,Stucki,Nearest-colour,RGB,13.8710217685,0.403189699513,22.7987654072,9.65675969265,0.577680289745,0.0031750202179
peacock,Stucki,Nearest-colour,CIELAB,12.0837166786,0.306735042356,21.9620584983,13.1438396658,0.719601988792,0.0159608721733
peacock,Stucki,Nearest-colour,CIEXYY,13.0825756371,0.260483632734,24.7792281806,13.2519680094,0.909313499928,0.0562551021576
peacock,Stucki,Weight-driven,RGB,13.4030424501,0.356701506825,19.7662481466,15.7033232367,0.439993143082,0.12093091011
peacock,Stucki,Weight-driven,CIELAB,13.4030424501,0.356701506825,19.7662481466,15.7033232367,0.439993143082,0.121021866798
peacock,Stucki,Weight-driven,CIEXYY,13.4030428082,0.356701538255,19.7662475696,15.7033227152,0.439993143082,0.12097465992
peacock,Stucki,Weighted-nearest (α=0.5),RGB,13.3955774349,0.369768126519,19.7753956634,15.560883582,0.433959662914,0.118738114834
peacock,Stucki,Weighted-nearest (α=0.5),CIELAB,13.4001455006,0.360552667435,19.7332326803,15.6764782504,0.43772995472,0.120034039021
peacock,Stucki,Weighted-nearest (α=0.5),CIEXYY,13.4388912223,0.358583323017,19.7365858949,15.5907255102,0.440531492233,0.120673298836
peacock,Stucki,Softmax (α=0.5),RGB,12.7518480934,0.391016379685,22.4006356775,12.8495511649,0.606255054474,0.0085461139679
peacock,Stucki,Softmax (α=0.5),CIELAB,12.083672849,0.307030029328,21.9565593276,13.1456584257,0.719172596931,0.0160481333733
peacock,Stucki,Softmax (α=0.5),CIEXYY,14.5605860402,0.388387857753,19.4355615377,11.710412118,0.528904914856,0.0655641555786
peacock,Stucki,Error-scaled (scale),RGB,15.2381521315,0.465406285632,20.8421595582,7.33041034765,0.448491454124,0.0190196037292
peacock,Stucki,Error-scaled (scale),CIELAB,13.4392139493,0.375381306968,19.7162995625,8.68627570095,0.512200713158,0.0116312503815
peacock,Stucki,Error-scaled (scale),CIEXYY,13.4397253354,0.327847933102,23.0384384039,12.0941457303,0.754999101162,0.0475817918777
peacock,Stucki,Error-scaled (weighted_target),RGB,14.2512973135,0.436228346544,22.5901711849,9.27810164631,0.53605055809,0.00770330429077
peacock,Stucki,Error-scaled (weighted_target),CIELAB,12.3327415748,0.339564394918,21.3949914493,13.2865203564,0.63359183073,0.0204526782036
peacock,Stucki,Error-scaled (weighted_target),CIEXYY,13.3896702351,0.321892595207,24.2342289228,13.265728157,0.816012442112,0.0700347423553
peacock,Stucki,Error-scaled (confidence),RGB,14.5206603846,0.433571668842,21.7407503264,8.2062081927,0.485866725445,0.00768452882767
peacock,Stucki,Error-scaled (confidence),CIELAB,12.7263073132,0.341499304984,20.7019243308,10.8352954914,0.603407979012,0.0104155540466
peacock,Stucki,Error-scaled (confidence),CIEXYY,13.1730289444,0.287749829483,23.8745072846,12.7549605635,0.835158228874,0.0420067310333
pigs-10-palette,Floyd-Steinberg,Nearest-colour,RGB,13.7046764342,0.35276198575,24.3918718471,8.03988066681,0.641462206841,0.00504958629608
pigs-10-palette,Floyd-Steinberg,Nearest-colour,CIELAB,12.5485130598,0.299729167231,24.0253201813,8.79243142916,0.792875766754,0.00961947441101
pigs-10-palette,Floyd-Steinberg,Nearest-colour,CIEXYY,13.7487927189,0.350145868202,24.5303672448,8.02674115503,0.655347406864,0.0733929872513
pigs-10-palette,Floyd-Steinberg,Weight-driven,RGB,11.9968403018,0.400955337583,22.8688069087,14.1959069502,0.473465681076,0.306850016117
pigs-10-palette,Floyd-Steinberg,Weight-driven,CIELAB,11.9968403018,0.400955337583,22.8688069087,14.1959069502,0.473465681076,0.306952655315
pigs-10-palette,Floyd-Steinberg,Weight-driven,CIEXYY,11.9968405338,0.400955365508,22.8688077171,14.1959065494,0.473465681076,0.30613386631
pigs-10-palette,Floyd-Steinberg,Weighted-nearest (α=0.5),RGB,11.861457673,0.399296082188,23.1704372072,13.9442053504,0.52016210556,0.307177364826
pigs-10-palette,Floyd-Steinberg,Weighted-nearest (α=0.5),CIELAB,11.9275411684,0.399544637152,23.0730252791,13.9881880891,0.509130358696,0.298895776272
pigs-10-palette,Floyd-Steinberg,Weighted-nearest (α=0.5),CIEXYY,12.0298298519,0.40161392258,22.8232085469,14.009593238,0.473044872284,0.309711277485
pigs-10-palette,Floyd-Steinberg,Softmax (α=0.5),RGB,12.3522487556,0.32711045891,24.8882045147,9.78962724897,0.767263352871,0.136820733547
pigs-10-palette,Floyd-Steinberg,Softmax (α=0.5),CIELAB,12.5438089623,0.299922723966,24.0209291674,8.81067886291,0.790148377419,0.0112233161926
pigs-10-palette,Floyd-Steinberg,Softmax (α=0.5),CIEXYY,13.3100092689,0.387208858235,23.1541239835,7.31233297879,0.672923088074,0.421451687813
pigs-10-palette,Floyd-Steinberg,Error-scaled (scale),RGB,14.3929384167,0.400096145183,23.3501348257,7.39197119924,0.566279709339,0.0927434563637
pigs-10-palette,Floyd-Steinberg,Error-scaled (scale),CIELAB,13.1718798605,0.36092771941,22.4374606047,8.64748119963,0.63365983963,0.0387945771217
pigs-10-palette,Floyd-Steinberg,Error-scaled (scale),CIEXYY,14.1628070483,0.385422278725,23.8467063973,8.27724819877,0.594032049179,0.19982022047
pigs-10-palette,Floyd-Steinberg,Error-scaled (weighted_target),RGB,14.2102418589,0.398806028499,23.8557553359,7.96297943577,0.648173868656,0.0175684094429
pigs-10-palette,Floyd-Steinberg,Error-scaled (weighted_target),CIELAB,12.9294167933,0.340073336702,23.1112714414,8.86775527591,0.718200266361,0.0110695362091
pigs-10-palette,Floyd-Steinberg,Error-scaled (weighted_target),CIEXYY,14.0600696683,0.383639948948,24.0544483212,7.9561481168,0.653902649879,0.10254740715
pigs-10-palette,Floyd-Steinberg,Error-scaled (confidence),RGB,13.963677249,0.370193033811,24.0174067604,7.78646761256,0.601374387741,0.0264635682106
pigs-10-palette,Floyd-Steinberg,Error-scaled (confidence),CIELAB,12.7981794121,0.327999777385,23.3555012491,8.71686613006,0.732717514038,0.0196675658226
pigs-10-palette,Floyd-Steinberg,Error-scaled (confidence),CIEXYY,13.8999684284,0.364093513668,24.3264454325,7.88825830929,0.631622612476,0.128456354141
pigs-10-palette,Jarvis-Judice-Ninke,Nearest-colour,RGB,14.2865976467,0.408496981151,23.7102303103,7.85577690172,0.768204748631,0.0175131559372
pigs-10-palette,Jarvis-Judice-Ninke,Nearest-colour,CIELAB,12.9773844784,0.349346125962,22.8509262558,8.86230174514,0.81552541256,0.0116651058197
pigs-10-palette,Jarvis-Judice-Ninke,Nearest-colour,CIEXYY,14.1352508621,0.393145405185,23.9245781346,8.42161657093,0.720021009445,0.0987503528595
pigs-10-palette,Jarvis-Judice-Ninke,Weight-driven,RGB,11.9968403018,0.400955337583,22.8688069087,14.1959069502,0.473465681076,0.306850016117
pigs-10-palette,Jarvis-Judice-Ninke,Weight-driven,CIELAB,11.9968403018,0.400955337583,22.8688069087,14.1959069502,0.473465681076,0.306952655315
pigs-10-palette,Jarvis-Judice-Ninke,Weight-driven,CIEXYY,11.9968405338,0.400955365508,22.8688077171,14.1959065494,0.473465681076,0.30613386631
pigs-10-palette,Jarvis-Judice-Ninke,Weighted-nearest (α=0.5),RGB,11.9041570368,0.406533416779,23.1081549058,13.7320205512,0.536796748638,0.304241240025
pigs-10-palette,Jarvis-Judice-Ninke,Weighted-nearest (α=0.5),CIELAB,11.9598021458,0.407020559051,23.0028024325,13.9575052962,0.541826725006,0.297961473465
pigs-10-palette,Jarvis-Judice-Ninke,Weighted-nearest (α=0.5),CIEXYY,12.0361541873,0.402014259678,22.8136759072,13.9663091317,0.473748981953,0.31034630537
pigs-10-palette,Jarvis-Judice-Ninke,Softmax (α=0.5),RGB,12.7516440242,0.379244758639,24.0227334421,9.85646454018,0.810769021511,0.179079294205
pigs-10-palette,Jarvis-Judice-Ninke,Softmax (α=0.5),CIELAB,12.9717909516,0.349459984297,22.8519910621,8.86948524224,0.8215944767,0.0117949843407
pigs-10-palette,Jarvis-Judice-Ninke,Softmax (α=0.5),CIEXYY,13.676514845,0.419101378225,22.6235189377,7.62367263419,0.650549054146,0.41531676054
pigs-10-palette,Jarvis-Judice-Ninke,Error-scaled (scale),RGB,15.0074836614,0.454491013596,22.6334677535,7.27315179005,0.681184947491,0.123260974884
pigs-10-palette,Jarvis-Judice-Ninke,Error-scaled (scale),CIELAB,13.6351633511,0.407793148343,21.2718531123,8.50741056596,0.667276024818,0.0542470812798
pigs-10-palette,Jarvis-Judice-Ninke,Error-scaled (scale),CIEXYY,14.5364650747,0.423681918421,23.1851947114,8.44485193081,0.652342200279,0.222164869308
pigs-10-palette,Jarvis-Judice-Ninke,Error-scaled (weighted_target),RGB,14.716802902,0.446191228064,23.3379523738,7.81480081635,0.692279577255,0.0394489765167
pigs-10-palette,Jarvis-Judice-Ninke,Error-scaled (weighted_target),CIELAB,13.3115741074,0.386639446878,22.1609347357,8.70786658479,0.695036530495,0.0164024233818
pigs-10-palette,Jarvis-Judice-Ninke,Error-scaled (weighted_target),CIEXYY,14.3589967613,0.417685317403,23.5837613028,8.05981154619,0.673337996006,0.149564981461
pigs-10-palette,Jarvis-Judice-Ninke,Error-scaled (confidence),RGB,14.5819059142,0.426732920827,23.2831891822,7.58763612809,0.723662912846,0.0514701008797
pigs-10-palette,Jarvis-Judice-Ninke,Error-scaled (confidence),CIELAB,13.2640403135,0.378942861727,22.1307563011,8.61209367008,0.75391882658,0.0253291130066
pigs-10-palette,Jarvis-Judice-Ninke,Error-scaled (confidence),CIEXYY,14.3002389479,0.406379856287,23.6665935201,8.23376597876,0.690856277943,0.160553753376
pigs-10-palette,Stucki,Nearest-colour,RGB,14.2038921799,0.399848239339,23.8183720041,7.87934536522,0.685315430164,0.0149130821228
pigs-10-palette,Stucki,Nearest-colour,CIELAB,12.9120887406,0.341098880635,23.0407511072,8.88160547925,0.765278935432,0.0115451216698
pigs-10-palette,Stucki,Nearest-colour,CIEXYY,14.0791022035,0.386452294921,24.0397903047,8.39814382112,0.664087414742,0.0921798944473
pigs-10-palette,Stucki,Weight-driven,RGB,11.9968403018,0.400955337583,22.8688069087,14.1959069502,0.473465681076,0.306850016117
pigs-10-palette,Stucki,Weight-driven,CIELAB,11.9968403018,0.400955337583,22.8688069087,14.1959069502,0.473465681076,0.306952655315
pigs-10-palette,Stucki,Weight-driven,CIEXYY,11.9968405338,0.400955365508,22.8688077171,14.1959065494,0.473465681076,0.30613386631
pigs-10-palette,Stucki,Weighted-nearest (α=0.5),RGB,11.89139914,0.405068728709,23.1314042146,13.7685109583,0.528541266918,0.306558072567
pigs-10-palette,Stucki,Weighted-nearest (α=0.5),CIELAB,11.9424824169,0.405143493116,23.0449861412,13.9486757678,0.537477970123,0.298376262188
pigs-10-palette,Stucki,Weighted-nearest (α=0.5),CIEXYY,12.0360107315,0.401927678858,22.8137239945,13.9692712276,0.473550200462,0.309913992882
pigs-10-palette,Stucki,Softmax (α=0.5),RGB,12.6973259513,0.371588917268,24.1289035584,9.84873559223,0.769258022308,0.170973360538
pigs-10-palette,Stucki,Softmax (α=0.5),CIELAB,12.9137810953,0.341547708634,23.0372171941,8.8839288691,0.756645560265,0.0115196704865
pigs-10-palette,Stucki,Softmax (α=0.5),CIEXYY,13.6387862173,0.415662520382,22.6961130004,7.61907074229,0.643973350525,0.404800951481
pigs-10-palette,Stucki,Error-scaled (scale),RGB,14.9263352908,0.446678560061,22.7276931942,7.27659006727,0.609192192554,0.118777692318
pigs-10-palette,Stucki,Error-scaled (scale),CIELAB,13.5777266269,0.401248508318,21.437240181,8.53459200991,0.597026824951,0.051836669445
pigs-10-palette,Stucki,Error-scaled (scale),CIEXYY,14.4853177177,0.418089484176,23.2972950818,8.42379643763,0.605255365372,0.222094774246
pigs-10-palette,Stucki,Error-scaled (weighted_target),RGB,14.6558862072,0.440287168531,23.4042291181,7.82377841223,0.651993393898,0.0359255671501
pigs-10-palette,Stucki,Error-scaled (weighted_target),CIELAB,13.2621712947,0.380123835778,22.2950897078,8.72016254532,0.661927580833,0.0151441693306
pigs-10-palette,Stucki,Error-scaled (weighted_target),CIEXYY,14.3192829713,0.412972608965,23.6518772352,8.04617282611,0.644567966461,0.142783880234
pigs-10-palette,Stucki,Error-scaled (confidence),RGB,14.4964541663,0.418241311892,23.3926637954,7.61059460794,0.648653805256,0.047598361969
pigs-10-palette,Stucki,Error-scaled (confidence),CIELAB,13.2017255859,0.370805415014,22.3239243793,8.64084393382,0.689377427101,0.0237855315208
pigs-10-palette,Stucki,Error-scaled (confidence),CIEXYY,14.2455851142,0.400006124065,23.7816771757,8.21492771003,0.645068109035,0.15360891819
pigs-4-palette,Floyd-Steinberg,Nearest-colour,RGB,7.98401161359,0.156180969144,31.3514277947,19.9426827702,1.02815294266,0.012454867363
pigs-4-palette,Floyd-Steinberg,Nearest-colour,CIELAB,8.22896856392,0.156693180668,30.7090146306,16.816490213,1.0720410347,0.0332988500595
pigs-4-palette,Floyd-Steinberg,Nearest-colour,CIEXYY,8.62122678694,0.0975061484805,29.3338353457,18.5854655635,1.03442907333,0.599423527718
pigs-4-palette,Floyd-Steinberg,Weight-driven,RGB,9.50256745816,0.343696121053,26.805817457,23.4204414829,0.473152220249,0.549098730087
pigs-4-palette,Floyd-Steinberg,Weight-driven,CIELAB,9.50256745816,0.343696121053,26.805817457,23.4204414829,0.473152220249,0.546225070953
pigs-4-palette,Floyd-Steinberg,Weight-driven,CIEXYY,9.50256765687,0.343696133492,26.805818525,23.4204405659,0.473152190447,0.549599468708
pigs-4-palette,Floyd-Steinberg,Weighted-nearest (α=0.5),RGB,9.49811757599,0.344805007424,26.8060928042,23.0421837581,0.477327108383,0.560832023621
pigs-4-palette,Floyd-Steinberg,Weighted-nearest (α=0.5),CIELAB,9.52043518923,0.344453916837,26.7697497333,22.9175156951,0.474645107985,0.554347753525
pigs-4-palette,Floyd-Steinberg,Weighted-nearest (α=0.5),CIEXYY,9.51439579674,0.34377702337,26.7889979004,23.2653270131,0.472578525543,0.547643065453
pigs-4-palette,Floyd-Steinberg,Softmax (α=0.5),RGB,8.14819533342,0.182774117631,30.5905553682,19.9109510901,1.04210090637,0.0374969244003
pigs-4-palette,Floyd-Steinberg,Softmax (α=0.5),CIELAB,8.230127018,0.15693354125,30.7029492847,16.8203387757,1.07796883583,0.0335221290588
pigs-4-palette,Floyd-Steinberg,Softmax (α=0.5),CIEXYY,10.1434315348,0.274616334458,23.6897151938,13.6472074191,0.671443939209,0.545516848564
pigs-4-palette,Floyd-Steinberg,Error-scaled (scale),RGB,9.77348458912,0.273059455691,26.7472076913,13.314514238,0.612549066544,0.081267952919
pigs-4-palette,Floyd-Steinberg,Error-scaled (scale),CIELAB,9.3339300611,0.263876025964,27.3002057889,14.9093693654,0.746285974979,0.11811953783
pigs-4-palette,Floyd-Steinberg,Error-scaled (scale),CIEXYY,9.20126439655,0.14599125727,27.0992381343,16.1825407957,0.863889753819,0.537474632263
pigs-4-palette,Floyd-Steinberg,Error-scaled (weighted_target),RGB,8.2001403056,0.190623794921,30.4729054088,19.873535932,0.962095975876,0.0127930641174
pigs-4-palette,Floyd-Steinberg,Error-scaled (weighted_target),CIELAB,8.43909104286,0.1899842581,29.865946119,16.7597441693,0.988207876682,0.0353003144264
pigs-4-palette,Floyd-Steinberg,Error-scaled (weighted_target),CIEXYY,8.76209108924,0.121740627618,28.7337250261,18.6285079548,0.959038853645,0.591899394989
pigs-4-palette,Floyd-Steinberg,Error-scaled (confidence),RGB,8.94985410285,0.231933362455,28.761134122,15.6601284976,0.769494056702,0.0434015393257
pigs-4-palette,Floyd-Steinberg,Error-scaled (confidence),CIELAB,8.89885056766,0.224449589431,28.5644997336,15.3634245968,0.895860314369,0.0655626654625
pigs-4-palette,Floyd-Steinberg,Error-scaled (confidence),CIEXYY,8.98631030835,0.123851923841,27.998424791,16.1515615906,0.950506389141,0.52774977684
pigs-4-palette,Jarvis-Judice-Ninke,Nearest-colour,RGB,8.27980495344,0.203288559118,30.1303817329,19.8722225034,1.04986226559,0.0157243609428
pigs-4-palette,Jarvis-Judice-Ninke,Nearest-colour,CIELAB,8.49505080272,0.197721150581,29.527638658,16.7624830841,1.06800866127,0.0350369215012
pigs-4-palette,Jarvis-Judice-Ninke,Nearest-colour,CIEXYY,8.69060494062,0.114709171239,28.9691058733,19.09948055,1.05434823036,0.618944764137
pigs-4-palette,Jarvis-Judice-Ninke,Weight-driven,RGB,9.50256745816,0.343696121053,26.805817457,23.4204414829,0.473152220249,0.549098730087
pigs-4-palette,Jarvis-Judice-Ninke,Weight-driven,CIELAB,9.50256745816,0.343696121053,26.805817457,23.4204414829,0.473152220249,0.546225070953
pigs-4-palette,Jarvis-Judice-Ninke,Weight-driven,CIEXYY,9.50256765687,0.343696133492,26.805818525,23.4204405659,0.473152190447,0.549599468708
pigs-4-palette,Jarvis-Judice-Ninke,Weighted-nearest (α=0.5),RGB,9.50331072759,0.346571994901,26.7836318949,22.9059874514,0.481607735157,0.563852071762
pigs-4-palette,Jarvis-Judice-Ninke,Weighted-nearest (α=0.5),CIELAB,9.54149489135,0.345359906668,26.7139846388,22.6135354269,0.485048353672,0.557893157005
pigs-4-palette,Jarvis-Judice-Ninke,Weighted-nearest (α=0.5),CIEXYY,9.51782433415,0.343979145322,26.7819986921,23.1985794242,0.4725227952,0.547773838043
pigs-4-palette,Jarvis-Judice-Ninke,Softmax (α=0.5),RGB,8.49896416166,0.235260399318,29.2367630595,19.8011516733,1.0398837328,0.0728972554207
pigs-4-palette,Jarvis-Judice-Ninke,Softmax (α=0.5),CIELAB,8.49849788689,0.19823029063,29.5180573276,16.7602482109,1.0674393177,0.0375311374664
pigs-4-palette,Jarvis-Judice-Ninke,Softmax (α=0.5),CIEXYY,10.1979774743,0.278307542468,23.5158528248,13.597759188,0.662625193596,0.555014371872
pigs-4-palette,Jarvis-Judice-Ninke,Error-scaled (scale),RGB,10.164576174,0.305875371957,25.7397272593,13.4009910339,0.712168693542,0.0928838253021
pigs-4-palette,Jarvis-Judice-Ninke,Error-scaled (scale),CIELAB,9.62763318887,0.29327475293,26.4423051756,14.8687499166,0.781638979912,0.129410922527
pigs-4-palette,Jarvis-Judice-Ninke,Error-scaled (scale),CIEXYY,9.31105900854,0.158258837772,26.5773337549,16.3593020045,0.90383630991,0.522903800011
pigs-4-palette,Jarvis-Judice-Ninke,Error-scaled (weighted_target),RGB,8.56081643311,0.244243874964,29.1818390431,19.7158350097,0.938005685806,0.0313065052032
pigs-4-palette,Jarvis-Judice-Ninke,Error-scaled (weighted_target),CIELAB,8.74854756777,0.233509140706,28.5889139236,16.6189084609,0.956396102905,0.0497561097145
pigs-4-palette,Jarvis-Judice-Ninke,Error-scaled (weighted_target),CIEXYY,8.8921462033,0.149061431028,28.1665510365,19.1848572428,0.943686246872,0.602330744267
pigs-4-palette,Jarvis-Judice-Ninke,Error-scaled (confidence),RGB,9.38861298689,0.277051577068,27.4563807931,14.9739032243,0.846821010113,0.0530178546906
pigs-4-palette,Jarvis-Judice-Ninke,Error-scaled (confidence),CIELAB,9.24195839709,0.262673705091,27.4155930024,15.0488888717,0.914656877518,0.07506108284
pigs-4-palette,Jarvis-Judice-Ninke,Error-scaled (confidence),CIEXYY,9.09703628373,0.138719050414,27.485353983,16.3731589141,0.994515359402,0.533545255661
pigs-4-palette,Stucki,Nearest-colour,RGB,8.21928129849,0.193956678678,30.3680030062,19.8840339208,0.995597958565,0.0140473246574
pigs-4-palette,Stucki,Nearest-colour,CIELAB,8.44721438722,0.190825129656,29.7439261912,16.7725798854,1.03623795509,0.0342234969139
pigs-4-palette,Stucki,Nearest-colour,CIEXYY,8.68321224476,0.112175636312,29.0086894626,18.9587010822,1.01783549786,0.61724615097
pigs-4-palette,Stucki,Weight-driven,RGB,9.50256745816,0.343696121053,26.805817457,23.4204414829,0.473152220249,0.549098730087
pigs-4-palette,Stucki,Weight-driven,CIELAB,9.50256745816,0.343696121053,26.805817457,23.4204414829,0.473152220249,0.546225070953
pigs-4-palette,Stucki,Weight-driven,CIEXYY,9.50256765687,0.343696133492,26.805818525,23.4204405659,0.473152190447,0.549599468708
pigs-4-palette,Stucki,Weighted-nearest (α=0.5),RGB,9.50194935978,0.346167423398,26.7856011232,22.9072166055,0.4802736938,0.57030403614
pigs-4-palette,Stucki,Weighted-nearest (α=0.5),CIELAB,9.53932180939,0.345243958462,26.7204741668,22.6249208191,0.482466995716,0.556583285332
pigs-4-palette,Stucki,Weighted-nearest (α=0.5),CIEXYY,9.51766690926,0.343939134256,26.7821725634,23.205214178,0.472367584705,0.548167645931
pigs-4-palette,Stucki,Softmax (α=0.5),RGB,8.4427389733,0.226963557655,29.4340244282,19.8175097703,0.999818623066,0.0696476697922
pigs-4-palette,Stucki,Softmax (α=0.5),CIELAB,8.44964970965,0.191343457127,29.7399621543,16.7729819765,1.0378319025,0.0364505052567
pigs-4-palette,Stucki,Softmax (α=0.5),CIEXYY,10.1850726935,0.27750870224,23.5543373881,13.6087057698,0.664186060429,0.549703538418
pigs-4-palette,Stucki,Error-scaled (scale),RGB,10.1179379346,0.301186828016,25.85458694,13.368596112,0.635593593121,0.0907486081123
pigs-4-palette,Stucki,Error-scaled (scale),CIELAB,9.58828992333,0.289517457516,26.5529980065,14.8760255679,0.73578697443,0.131865441799
pigs-4-palette,Stucki,Error-scaled (scale),CIEXYY,9.29775659551,0.156631954974,26.6450821682,16.3336496603,0.861895918846,0.523034274578
pigs-4-palette,Stucki,Error-scaled (weighted_target),RGB,8.50312441785,0.235941186437,29.3689682708,19.7386654717,0.892950415611,0.0302616357803
pigs-4-palette,Stucki,Error-scaled (weighted_target),CIELAB,8.69977313677,0.227063435051,28.7835785397,16.6423445833,0.926336824894,0.0463482737541
pigs-4-palette,Stucki,Error-scaled (weighted_target),CIEXYY,8.87240351003,0.144413106241,28.2484977046,19.0410690023,0.912090063095,0.606424570084
pigs-4-palette,Stucki,Error-scaled (confidence),RGB,9.32244254105,0.269709957425,27.6413198869,15.0176273055,0.762611865997,0.0498653650284
pigs-4-palette,Stucki,Error-scaled (confidence),CIELAB,9.19034298875,0.256836417561,27.5877414159,15.0756433779,0.863522171974,0.0757813453674
pigs-4-palette,Stucki,Error-scaled (confidence),CIEXYY,9.08200018484,0.136610059673,27.5579457053,16.3425042864,0.939556539059,0.532607913017
rainbow,Floyd-Steinberg,Nearest-colour,RGB,11.7549831424,0.372794118171,22.6536787097,12.1096728176,0.788350939751,0.0122528076172
rainbow,Floyd-Steinberg,Nearest-colour,CIELAB,11.0417346127,0.386550242283,22.2797549615,11.5426242181,0.815200209618,0.0234105587006
rainbow,Floyd-Steinberg,Nearest-colour,CIEXYY,8.340004212,0.220405980615,33.1831652878,24.817227156,0.948835909367,0.110590398312
rainbow,Floyd-Steinberg,Weight-driven,RGB,12.0905459229,0.490425248192,20.6228923031,25.268874244,0.332241773605,0.0569622516632
rainbow,Floyd-Steinberg,Weight-driven,CIELAB,12.0905459229,0.490425248192,20.6228923031,25.268874244,0.332241773605,0.057066321373
rainbow,Floyd-Steinberg,Weight-driven,CIEXYY,12.0905459268,0.490425406756,20.6228926152,25.2688743652,0.332241743803,0.057066321373
rainbow,Floyd-Steinberg,Weighted-nearest (α=0.5),RGB,12.0903426242,0.490437354829,20.6240779819,25.2712279273,0.332157552242,0.0568836927414
rainbow,Floyd-Steinberg,Weighted-nearest (α=0.5),CIELAB,12.090444517,0.490448551362,20.6240076364,25.2714139716,0.332184940577,0.0569983720779
rainbow,Floyd-Steinberg,Weighted-nearest (α=0.5),CIEXYY,12.0904519599,0.490448297963,20.6238877944,25.271691925,0.332174777985,0.0569848418236
rainbow,Floyd-Steinberg,Softmax (α=0.5),RGB,11.9908199239,0.471046973697,20.7444671691,25.0336322107,0.35390239954,0.0521882176399
rainbow,Floyd-Steinberg,Softmax (α=0.5),CIELAB,11.0406616489,0.38668464216,22.2797996778,11.5477596345,0.821849286556,0.0238739848137
rainbow,Floyd-Steinberg,Softmax (α=0.5),CIEXYY,12.025121923,0.48212284872,20.6132403993,24.6809460684,0.337972164154,0.0535823106766
rainbow,Floyd-Steinberg,Error-scaled (scale),RGB,12.282602153,0.489313322994,20.7751154587,14.2518007833,0.515893936157,0.0330955982208
rainbow,Floyd-Steinberg,Error-scaled (scale),CIELAB,11.945329127,0.472119245369,20.4625662247,23.8644741967,0.312387406826,0.0475180149078
rainbow,Floyd-Steinberg,Error-scaled (scale),CIEXYY,10.5678632619,0.471172447103,25.0952970336,20.2979207433,0.787225008011,0.0389796495438
rainbow,Floyd-Steinberg,Error-scaled (weighted_target),RGB,11.7946521489,0.387317270406,22.56382183,12.0803657818,0.767864584923,0.0178334712982
rainbow,Floyd-Steinberg,Error-scaled (weighted_target),CIELAB,11.0542400217,0.400174625055,22.2435984306,11.5657714613,0.806406915188,0.0305486917496
rainbow,Floyd-Steinberg,Error-scaled (weighted_target),CIEXYY,8.36510620239,0.230698263761,33.0975331975,24.8114380722,0.924316883087,0.118082523346
rainbow,Floyd-Steinberg,Error-scaled (confidence),RGB,12.2690903894,0.489113412627,20.769821457,14.1207224904,0.525673508644,0.0334771871567
rainbow,Floyd-Steinberg,Error-scaled (confidence),CIELAB,11.9468047939,0.472280519986,20.4678599616,23.8696774739,0.318207621574,0.0476739406586
rainbow,Floyd-Steinberg,Error-scaled (confidence),CIEXYY,10.4660242943,0.429718080794,25.3950571563,20.3966344439,0.810119569302,0.0413832068443
rainbow,Jarvis-Judice-Ninke,Nearest-colour,RGB,11.7904235564,0.380613297784,22.5737034032,12.1130585567,0.860688567162,0.0118190646172
rainbow,Jarvis-Judice-Ninke,Nearest-colour,CIELAB,11.0490997901,0.394121788182,22.2424842088,11.5952470219,0.888753592968,0.0250687003136
rainbow,Jarvis-Judice-Ninke,Nearest-colour,CIEXYY,8.42526863229,0.230410323947,32.7974411584,24.3093912289,1.00175499916,0.115379333496
rainbow,Jarvis-Judice-Ninke,Weight-driven,RGB,12.0905459229,0.490425248192,20.6228923031,25.268874244,0.332241773605,0.0569622516632
rainbow,Jarvis-Judice-Ninke,Weight-driven,CIELAB,12.0905459229,0.490425248192,20.6228923031,25.268874244,0.332241773605,0.057066321373
rainbow,Jarvis-Judice-Ninke,Weight-driven,CIEXYY,12.0905459268,0.490425406756,20.6228926152,25.2688743652,0.332241743803,0.057066321373
rainbow,Jarvis-Judice-Ninke,Weighted-nearest (α=0.5),RGB,12.0904769886,0.490459881033,20.6248865734,25.2742318258,0.332188248634,0.0569189786911
rainbow,Jarvis-Judice-Ninke,Weighted-nearest (α=0.5),CIELAB,12.0903793359,0.490486144897,20.6258215547,25.2755067577,0.332189053297,0.0569493770599
rainbow,Jarvis-Judice-Ninke,Weighted-nearest (α=0.5),CIEXYY,12.0904791181,0.490449964132,20.6242280542,25.2724591432,0.332151293755,0.057021021843
rainbow,Jarvis-Judice-Ninke,Softmax (α=0.5),RGB,11.9956928215,0.471872911191,20.7475117582,25.0494199368,0.355746954679,0.0525504946709
rainbow,Jarvis-Judice-Ninke,Softmax (α=0.5),CIELAB,11.0501622596,0.394378689641,22.2408185101,11.5922471203,0.888449668884,0.0241692662239
rainbow,Jarvis-Judice-Ninke,Softmax (α=0.5),CIEXYY,12.0277011731,0.482445222412,20.6144894761,24.7106392437,0.3503228724,0.0529429912567
rainbow,Jarvis-Judice-Ninke,Error-scaled (scale),RGB,12.2153401211,0.486276270389,20.7216144967,12.9402377746,0.652487158775,0.0363978743553
rainbow,Jarvis-Judice-Ninke,Error-scaled (scale),CIELAB,11.9681389594,0.472196287432,20.4850318059,24.0781300451,0.387014806271,0.0470687150955
rainbow,Jarvis-Judice-Ninke,Error-scaled (scale),CIEXYY,10.5231250608,0.474206638869,25.308149041,21.0003805601,0.839736044407,0.0354401469231
rainbow,Jarvis-Judice-Ninke,Error-scaled (weighted_target),RGB,11.8241120493,0.407545837305,22.4747004545,12.0382124746,0.834406018257,0.0169894695282
rainbow,Jarvis-Judice-Ninke,Error-scaled (weighted_target),CIELAB,11.0875529111,0.410725109378,22.1907893981,11.6096569757,0.87076151371,0.0303198099136
rainbow,Jarvis-Judice-Ninke,Error-scaled (weighted_target),CIEXYY,8.4553812668,0.243603090939,32.6914043186,24.372725918,0.973595380783,0.12153083086
rainbow,Jarvis-Judice-Ninke,Error-scaled (confidence),RGB,12.1827542458,0.486105573814,20.6892034244,12.6082738078,0.671965479851,0.0356378555298
rainbow,Jarvis-Judice-Ninke,Error-scaled (confidence),CIELAB,11.9612266692,0.472257620525,20.4787584758,24.0115580096,0.388358324766,0.04723072052
rainbow,Jarvis-Judice-Ninke,Error-scaled (confidence),CIEXYY,10.4422353777,0.431954794292,25.5739507459,21.1273385204,0.839524388313,0.0380125641823
rainbow,Stucki,Nearest-colour,RGB,11.7868779203,0.378691444554,22.5821218754,12.1112252444,0.79728525877,0.013313472271
rainbow,Stucki,Nearest-colour,CIELAB,11.0483103154,0.392966133905,22.2454257619,11.5894246309,0.825058758259,0.025422513485
rainbow,Stucki,Nearest-colour,CIEXYY,8.40573614142,0.228029397327,32.8853658459,24.4356837598,0.940729737282,0.113053917885
rainbow,Stucki,Weight-driven,RGB,12.0905459229,0.490425248192,20.6228923031,25.268874244,0.332241773605,0.0569622516632
rainbow,Stucki,Weight-driven,CIELAB,12.0905459229,0.490425248192,20.6228923031,25.268874244,0.332241773605,0.057066321373
rainbow,Stucki,Weight-driven,CIEXYY,12.0905459268,0.490425406756,20.6228926152,25.2688743652,0.332241743803,0.057066321373
rainbow,Stucki,Weighted-nearest (α=0.5),RGB,12.0904401602,0.490454048799,20.6248036187,25.2738922789,0.332183212042,0.0569198131561
rainbow,Stucki,Weighted-nearest (α=0.5),CIELAB,12.0903400519,0.490478343518,20.6255967768,25.2748341673,0.332191735506,0.0569410324097
rainbow,Stucki,Weighted-nearest (α=0.5),CIEXYY,12.0904518283,0.490447326122,20.6241612759,25.2721941043,0.332160979509,0.0570120811462
rainbow,Stucki,Softmax (α=0.5),RGB,11.9952830523,0.471807112238,20.7447559027,25.0441480587,0.352950632572,0.0523772835732
rainbow,Stucki,Softmax (α=0.5),CIELAB,11.0488591763,0.393909579569,22.2436346099,11.5894435136,0.82715344429,0.0243843197823
rainbow,Stucki,Softmax (α=0.5),CIEXYY,12.0269269538,0.482348737045,20.6138969328,24.7015097144,0.341545522213,0.0531399846077
rainbow,Stucki,Error-scaled (scale),RGB,12.2132209726,0.486434012651,20.7191685675,12.9435721612,0.664538741112,0.0307129621506
rainbow,Stucki,Error-scaled (scale),CIELAB,11.966248194,0.472208823733,20.4836641915,24.0618042349,0.358878493309,0.0471075773239
rainbow,Stucki,Error-scaled (scale),CIEXYY,10.5248604259,0.474156901315,25.2917486035,20.9291650191,0.804322421551,0.0358562469482
rainbow,Stucki,Error-scaled (weighted_target),RGB,11.8206982244,0.404348326394,22.4848658725,12.0401979136,0.772964596748,0.0183906555176
rainbow,Stucki,Error-scaled (weighted_target),CIELAB,11.0829067664,0.407651335906,22.1979683866,11.6054327067,0.806116044521,0.0298672318459
rainbow,Stucki,Error-scaled (weighted_target),CIEXYY,8.43528623908,0.241455890037,32.780311318,24.4851401203,0.911102175713,0.123335301876
rainbow,Stucki,Error-scaled (confidence),RGB,12.1843252163,0.486305992353,20.6910700604,12.6460426476,0.672313034534,0.0291998386383
rainbow,Stucki,Error-scaled (confidence),CIELAB,11.9604867501,0.472245695239,20.478252287,24.007484014,0.367262721062,0.0473138093948
rainbow,Stucki,Error-scaled (confidence),CIEXYY,10.4422061733,0.43172228912,25.5641644973,21.0592411741,0.811229646206,0.0385727882385
skins,Floyd-Steinberg,Nearest-colour,RGB,13.1828981641,0.116351134508,19.3857307627,8.34021762981,0.958065032959,0.0743519067764
skins,Floyd-Steinberg,Nearest-colour,CIELAB,12.7407672199,0.114451629389,18.9310844137,8.32930900392,1.01835727692,0.0995565652847
skins,Floyd-Steinberg,Nearest-colour,CIEXYY,13.1639255818,0.0772753075084,21.3709579425,12.5053272206,1.00229561329,0.367401003838
skins,Floyd-Steinberg,Weight-driven,RGB,13.5613868398,0.201250885456,16.9540072007,16.7141957289,0.650568962097,0.492639899254
skins,Floyd-Steinberg,Weight-driven,CIELAB,13.5613868398,0.201250885456,16.9540072007,16.7141957289,0.650568962097,0.492628097534
skins,Floyd-Steinberg,Weight-driven,CIEXYY,13.5613870211,0.201250890329,16.9540073439,16.7141953763,0.650568962097,0.492621243
skins,Floyd-Steinberg,Weighted-nearest (α=0.5),RGB,13.5418374942,0.198691722836,16.9784680785,16.1236729195,0.660280644894,0.487092673779
skins,Floyd-Steinberg,Weighted-nearest (α=0.5),CIELAB,13.5246241574,0.199167975724,16.9744259095,16.4570244866,0.651839256287,0.497159779072
skins,Floyd-Steinberg,Weighted-nearest (α=0.5),CIEXYY,13.6047853759,0.20010676003,16.8976577498,16.432820907,0.653933167458,0.502426981926
skins,Floyd-Steinberg,Softmax (α=0.5),RGB,10.8441693948,0.0924758477835,21.099260377,14.9445345365,1.18681573868,0.294440627098
skins,Floyd-Steinberg,Softmax (α=0.5),CIELAB,12.7389476296,0.114007963956,18.9419274625,8.3076861854,1.00931966305,0.102581262589
skins,Floyd-Steinberg,Softmax (α=0.5),CIEXYY,14.013055432,0.182586007108,15.9271136232,12.0403223356,0.833532810211,0.478005468845
skins,Floyd-Steinberg,Error-scaled (scale),RGB,15.8008140765,0.192405093233,15.5824245641,7.27138291948,0.812933921814,0.118149757385
skins,Floyd-Steinberg,Error-scaled (scale),CIELAB,14.7755390587,0.140254344875,15.4249271436,6.60291313946,0.830270349979,0.150242686272
skins,Floyd-Steinberg,Error-scaled (scale),CIEXYY,13.7212104534,0.0966697908025,20.4495105763,11.4124526951,0.928515076637,0.352816581726
skins,Floyd-Steinberg,Error-scaled (weighted_target),RGB,13.5372347671,0.132018578666,19.01445707,8.10858269857,0.938201189041,0.0981560945511
skins,Floyd-Steinberg,Error-scaled (weighted_target),CIELAB,12.925232364,0.124686862026,18.5658595708,8.37465591622,0.994105696678,0.0987591147423
skins,Floyd-Steinberg,Error-scaled (weighted_target),CIEXYY,13.2113723815,0.0795900717809,21.3590455919,12.5831442457,0.985814630985,0.371126413345
skins,Floyd-Steinberg,Error-scaled (confidence),RGB,14.9792147839,0.157588052842,16.828956642,6.82968032312,0.866369903088,0.080290555954
skins,Floyd-Steinberg,Error-scaled (confidence),CIELAB,13.8475175846,0.124909870925,16.7675079501,6.78742404911,0.929482042789,0.112490653992
skins,Floyd-Steinberg,Error-scaled (confidence),CIEXYY,13.4674926072,0.079650119745,20.9168425915,11.5467273839,0.974872469902,0.33425027132
skins,Jarvis-Judice-Ninke,Nearest-colour,RGB,13.4893717613,0.132747790189,19.0210008411,8.10726200941,1.03777599335,0.10466581583
skins,Jarvis-Judice-Ninke,Nearest-colour,CIELAB,12.9251327666,0.126245845766,18.5147190516,8.42218286399,1.08356297016,0.105165421963
skins,Jarvis-Judice-Ninke,Nearest-colour,CIEXYY,13.2243063228,0.0859530590912,21.2880434782,12.5742901935,1.05097007751,0.366291642189
skins,Jarvis-Judice-Ninke,Weight-driven,RGB,13.5613868398,0.201250885456,16.9540072007,16.7141957289,0.650568962097,0.492639899254
skins,Jarvis-Judice-Ninke,Weight-driven,CIELAB,13.5613868398,0.201250885456,16.9540072007,16.7141957289,0.650568962097,0.492628097534
skins,Jarvis-Judice-Ninke,Weight-driven,CIEXYY,13.5613870211,0.201250890329,16.9540073439,16.7141953763,0.650568962097,0.492621243
skins,Jarvis-Judice-Ninke,Weighted-nearest (α=0.5),RGB,13.5512984761,0.198873367988,16.9799119026,15.894104859,0.66840338707,0.469112873077
skins,Jarvis-Judice-Ninke,Weighted-nearest (α=0.5),CIELAB,13.5226429771,0.198820036462,16.9739061957,16.2729345182,0.662216722965,0.481692552567
skins,Jarvis-Judice-Ninke,Weighted-nearest (α=0.5),CIEXYY,13.6249490447,0.200467729448,16.8696620093,16.3477925149,0.656712591648,0.489425420761
skins,Jarvis-Judice-Ninke,Softmax (α=0.5),RGB,11.0902583307,0.106861174576,20.7282413877,14.8100744292,1.21674633026,0.321977376938
skins,Jarvis-Judice-Ninke,Softmax (α=0.5),CIELAB,12.9339617441,0.126283974447,18.5013130406,8.39135441056,1.08528637886,0.105543732643
skins,Jarvis-Judice-Ninke,Softmax (α=0.5),CIEXYY,14.0818736557,0.185752832492,15.8869423849,12.2383649301,0.839709341526,0.485083818436
skins,Jarvis-Judice-Ninke,Error-scaled (scale),RGB,16.1006740037,0.208438837596,15.1937486627,7.55930746173,0.923663020134,0.148838758469
skins,Jarvis-Judice-Ninke,Error-scaled (scale),CIELAB,15.0936914066,0.152590446804,14.9743261793,6.94094979289,0.898142516613,0.170803248882
skins,Jarvis-Judice-Ninke,Error-scaled (scale),CIEXYY,13.8382613058,0.108761270771,20.2102533541,11.5859707865,0.987240076065,0.366505801678
skins,Jarvis-Judice-Ninke,Error-scaled (weighted_target),RGB,13.8989448033,0.149041705631,18.5810759613,7.89934394635,1.01428699493,0.138540625572
skins,Jarvis-Judice-Ninke,Error-scaled (weighted_target),CIELAB,13.0615015067,0.136726908091,18.237015198,8.39110379591,1.05916833878,0.114035725594
skins,Jarvis-Judice-Ninke,Error-scaled (weighted_target),CIEXYY,13.2327851633,0.0865330424746,21.3782341037,12.7941705564,1.03678953648,0.399507701397
skins,Jarvis-Judice-Ninke,Error-scaled (confidence),RGB,15.2948111698,0.171294579096,16.4070699536,6.75872788328,0.970686972141,0.104786098003
skins,Jarvis-Judice-Ninke,Error-scaled (confidence),CIELAB,14.2194255038,0.13630067965,16.1526418462,6.76532065949,0.990597903728,0.131797671318
skins,Jarvis-Judice-Ninke,Error-scaled (confidence),CIEXYY,13.5079928352,0.0868475966201,20.8546196769,11.876025307,1.03485226631,0.356707572937
skins,Stucki,Nearest-colour,RGB,13.4522503249,0.130484586065,19.0720044766,8.13473191387,0.95313680172,0.0977901816368
skins,Stucki,Nearest-colour,CIELAB,12.89845995,0.124167015499,18.576250698,8.44472699045,1.02341556549,0.100580334663
skins,Stucki,Nearest-colour,CIEXYY,13.2162156778,0.0835537052759,21.3023228045,12.5494034353,1.0007506609,0.367738485336
skins,Stucki,Weight-driven,RGB,13.5613868398,0.201250885456,16.9540072007,16.7141957289,0.650568962097,0.492639899254
skins,Stucki,Weight-driven,CIELAB,13.5613868398,0.201250885456,16.9540072007,16.7141957289,0.650568962097,0.492628097534
skins,Stucki,Weight-driven,CIEXYY,13.5613870211,0.201250890329,16.9540073439,16.7141953763,0.650568962097,0.492621243
skins,Stucki,Weighted-nearest (α=0.5),RGB,13.5467205647,0.198703052583,16.9813952018,15.9104117312,0.667661905289,0.471101820469
skins,Stucki,Weighted-nearest (α=0.5),CIELAB,13.519555727,0.198811799617,16.975234302,16.3072498247,0.659421920776,0.47610861063
skins,Stucki,Weighted-nearest (α=0.5),CIEXYY,13.6232296686,0.200261638718,16.8734924889,16.3547885006,0.655000388622,0.491540849209
skins,Stucki,Softmax (α=0.5),RGB,11.0619580402,0.104623044326,20.7662972106,14.8013785777,1.17536973953,0.30612808466
skins,Stucki,Softmax (α=0.5),CIELAB,12.9144256353,0.124409113582,18.56379978,8.38042553007,1.02878761292,0.100431919098
skins,Stucki,Softmax (α=0.5),CIEXYY,14.0689871503,0.185723069493,15.8861149812,12.1754556309,0.831790328026,0.47851639986
skins,Stucki,Error-scaled (scale),RGB,16.0674955855,0.20623592357,15.2338596101,7.52325607598,0.831124067307,0.141155064106
skins,Stucki,Error-scaled (scale),CIELAB,15.0622592852,0.151420538066,15.0155925705,6.90476686901,0.842289924622,0.164350569248
skins,Stucki,Error-scaled (scale),CIEXYY,13.8215026954,0.106594758368,20.245139763,11.5666014156,0.935901284218,0.357705891132
skins,Stucki,Error-scaled (weighted_target),RGB,13.8552961186,0.146519730082,18.6402918064,7.92882550512,0.928768396378,0.13647300005
skins,Stucki,Error-scaled (weighted_target),CIELAB,13.0485551407,0.135002062908,18.2916594684,8.36213355529,0.9931422472,0.107607066631
skins,Stucki,Error-scaled (weighted_target),CIEXYY,13.2310336527,0.0849433337064,21.3761442312,12.7555243101,0.991471469402,0.38635623455
skins,Stucki,Error-scaled (confidence),RGB,15.2585246468,0.169482298297,16.4565074507,6.75623802249,0.883620738983,0.103778362274
skins,Stucki,Error-scaled (confidence),CIELAB,14.1853237563,0.134489767766,16.2205659756,6.73171586339,0.929636776447,0.122554898262
skins,Stucki,Error-scaled (confidence),CIEXYY,13.5011769864,0.0854046834479,20.8691344363,11.8401903392,0.983558297157,0.353428244591
smile,Jarvis-Judice-Ninke,Nearest-colour,RGB,8.34562759988,0.0340079507275,27.9162075372,18.6486366754,1.30282235146,0.037870824337
smile,Jarvis-Judice-Ninke,Nearest-colour,CIELAB,8.21202012993,0.0301688693299,28.2464581835,19.0700601832,1.30966508389,0.0873588323593
smile,Jarvis-Judice-Ninke,Nearest-colour,CIEXYY,10.5367911104,0.0344728742765,24.2736682743,16.8688222944,1.27297067642,0.2885440588
smile,Jarvis-Judice-Ninke,Weight-driven,RGB,10.3650261811,0.237824780335,23.4519254251,26.8030549666,0.81020873785,0.498160600662
smile,Jarvis-Judice-Ninke,Weight-driven,CIELAB,10.3650261811,0.237824780335,23.4519254251,26.8030549666,0.81020873785,0.498666107655
smile,Jarvis-Judice-Ninke,Weight-driven,CIEXYY,10.3650268164,0.237825233672,23.4519270343,26.8030554488,0.810208797455,0.497815728188
smile,Jarvis-Judice-Ninke,Weighted-nearest (α=0.5),RGB,10.1244560759,0.207827440847,23.9011425982,24.0215474748,0.913060903549,0.468279898167
smile,Jarvis-Judice-Ninke,Weighted-nearest (α=0.5),CIELAB,10.241533011,0.218564023222,23.6196370648,25.1028765024,0.863751828671,0.456589221954
smile,Jarvis-Judice-Ninke,Weighted-nearest (α=0.5),CIEXYY,10.4642559885,0.228551698397,23.309597402,25.4215863982,0.831290245056,0.47806084156
smile,Jarvis-Judice-Ninke,Softmax (α=0.5),RGB,8.4069243875,0.0448204202386,28.2897612714,18.7313578863,1.32313728333,0.123497247696
smile,Jarvis-Judice-Ninke,Softmax (α=0.5),CIELAB,8.2129155161,0.0303395778638,28.2419868991,19.0603017789,1.30706560612,0.0854985713959
smile,Jarvis-Judice-Ninke,Softmax (α=0.5),CIEXYY,9.90132146333,0.0866723371284,24.3821537418,14.5254985487,1.07341015339,0.44504237175
smile,Jarvis-Judice-Ninke,Error-scaled (scale),RGB,11.839270958,0.156987982798,22.4869576285,16.5357525842,1.16739821434,0.155710637569
smile,Jarvis-Judice-Ninke,Error-scaled (scale),CIELAB,9.91307767046,0.0936727640208,23.3268465093,14.9549792664,1.22666025162,0.118037700653
smile,Jarvis-Judice-Ninke,Error-scaled (scale),CIEXYY,11.7365956895,0.119454995033,21.7027999649,18.6672010277,1.18287980556,0.225535988808
smile,Jarvis-Judice-Ninke,Error-scaled (weighted_target),RGB,8.43041345962,0.0394574257219,27.5848630124,18.6772830473,1.29190099239,0.044761300087
smile,Jarvis-Judice-Ninke,Error-scaled (weighted_target),CIELAB,8.26069168507,0.032725513146,28.0709096954,18.9877289636,1.30741453171,0.0920505523682
smile,Jarvis-Judice-Ninke,Error-scaled (weighted_target),CIEXYY,10.5925824751,0.0424579098738,24.1367089186,17.0490327634,1.27215051651,0.295857489109
smile,Jarvis-Judice-Ninke,Error-scaled (confidence),RGB,10.2499390684,0.103585915071,24.2779030818,14.7740030373,1.21465754509,0.0774382948875
smile,Jarvis-Judice-Ninke,Error-scaled (confidence),CIELAB,9.1563470984,0.0537579355603,25.2553457441,16.2829280056,1.2674125433,0.0816945433617
smile,Jarvis-Judice-Ninke,Error-scaled (confidence),CIEXYY,11.1253893027,0.0667280143656,22.9824001939,17.1265771805,1.24030256271,0.217324197292
smile,Stucki,Nearest-colour,RGB,8.33601481351,0.0333998206886,28.044385576,18.6097557196,1.19450235367,0.0370441675186
smile,Stucki,Nearest-colour,CIELAB,8.20764167293,0.0298786773782,28.2833404571,19.0683012471,1.24231541157,0.0887689590454
smile,Stucki,Nearest-colour,CIEXYY,10.5382622681,0.0344386453872,24.2912060347,16.832681801,1.23544120789,0.284488976002
smile,Stucki,Weight-driven,RGB,10.3650261811,0.237824780335,23.4519254251,26.8030549666,0.81020873785,0.498160600662
smile,Stucki,Weight-driven,CIELAB,10.3650261811,0.237824780335,23.4519254251,26.8030549666,0.81020873785,0.498666107655
smile,Stucki,Weight-driven,CIEXYY,10.3650268164,0.237825233672,23.4519270343,26.8030554488,0.810208797455,0.497815728188
smile,Stucki,Weighted-nearest (α=0.5),RGB,10.139024047,0.208264518191,23.8695513235,24.0300769661,0.898313522339,0.461072742939
smile,Stucki,Weighted-nearest (α=0.5),CIELAB,10.2553182752,0.217774739349,23.5991688186,25.0311914995,0.858657956123,0.455678999424
smile,Stucki,Weighted-nearest (α=0.5),CIEXYY,10.4728478862,0.228494920102,23.2988912276,25.3892770873,0.83261936903,0.480575799942
smile,Stucki,Softmax (α=0.5),RGB,8.39684237407,0.0436260295913,28.3251320886,18.7436560397,1.25933647156,0.116604208946
smile,Stucki,Softmax (α=0.5),CIELAB,8.20832648023,0.0299661681515,28.2847649523,19.0544354403,1.23159325123,0.0889438390732
smile,Stucki,Softmax (α=0.5),CIEXYY,9.88048696394,0.0821305422861,24.4754523348,14.3536649579,1.06994831562,0.451744914055
smile,Stucki,Error-scaled (scale),RGB,11.8023806915,0.154982462942,22.5428579425,16.5213996467,1.08019423485,0.154617965221
smile,Stucki,Error-scaled (scale),CIELAB,9.88146890212,0.0924207633974,23.4085783956,15.0245201021,1.1610699892,0.117846131325
smile,Stucki,Error-scaled (scale),CIEXYY,11.7216825404,0.118545242136,21.7444118456,18.6233391594,1.13695585728,0.223932445049
smile,Stucki,Error-scaled (weighted_target),RGB,8.41815171795,0.0384596264629,27.6627878414,18.6433913061,1.19863760471,0.0454885363579
smile,Stucki,Error-scaled (weighted_target),CIELAB,8.25350145106,0.0321467673706,28.1031785767,19.0013766379,1.23149561882,0.0908079743385
smile,Stucki,Error-scaled (weighted_target),CIEXYY,10.5917519511,0.0421230980103,24.1587889293,17.0073741747,1.22955024242,0.281237006187
smile,Stucki,Error-scaled (confidence),RGB,10.2116218076,0.101754207493,24.4040428916,14.7965822835,1.11370611191,0.0794248580933
smile,Stucki,Error-scaled (confidence),CIELAB,9.13416742689,0.0527013419906,25.3438881248,16.3078156029,1.19440293312,0.0809719562531
smile,Stucki,Error-scaled (confidence),CIEXYY,11.1136890018,0.0661631464128,23.0198415245,17.1016405285,1.20183062553,0.216515362263
smile,Floyd-Steinberg,Nearest-colour,RGB,8.29027427102,0.0308282096755,28.4687684452,18.6625189586,1.22671020031,0.0303639173508
smile,Floyd-Steinberg,Nearest-colour,CIELAB,8.18505292626,0.0284601418294,28.4520356999,19.0586620648,1.2431448698,0.0910567045212
smile,Floyd-Steinberg,Nearest-colour,CIEXYY,10.4767585065,0.0343227607249,24.4729092697,16.5510155053,1.23791623116,0.261169493198
smile,Floyd-Steinberg,Weight-driven,RGB,10.3650261811,0.237824780335,23.4519254251,26.8030549666,0.81020873785,0.498160600662
smile,Floyd-Steinberg,Weight-driven,CIELAB,10.3650261811,0.237824780335,23.4519254251,26.8030549666,0.81020873785,0.498666107655
smile,Floyd-Steinberg,Weight-driven,CIEXYY,10.3650268164,0.237825233672,23.4519270343,26.8030554488,0.810208797455,0.497815728188
smile,Floyd-Steinberg,Weighted-nearest (α=0.5),RGB,10.2069597981,0.211421445186,23.723781386,24.3102784302,0.88932967186,0.461622059345
smile,Floyd-Steinberg,Weighted-nearest (α=0.5),CIELAB,10.3112300479,0.219654941712,23.5238334657,25.2427133148,0.852765083313,0.463493466377
smile,Floyd-Steinberg,Weighted-nearest (α=0.5),CIEXYY,10.4435859883,0.230693996351,23.3368301901,25.6482987861,0.828589916229,0.478304386139
smile,Floyd-Steinberg,Softmax (α=0.5),RGB,8.34390038079,0.0375246202214,28.4948852548,18.7632284439,1.27078354359,0.0986101031303
smile,Floyd-Steinberg,Softmax (α=0.5),CIELAB,8.18566184778,0.0285537848134,28.4527700748,19.0494082672,1.2400033474,0.089715719223
smile,Floyd-Steinberg,Softmax (α=0.5),CIEXYY,9.81211512379,0.0721996346457,24.7744943396,13.5328323568,1.09937262535,0.43163383007
smile,Floyd-Steinberg,Error-scaled (scale),RGB,11.4193051543,0.141158094306,23.0367734275,15.8171364569,1.07254433632,0.133054316044
smile,Floyd-Steinberg,Error-scaled (scale),CIELAB,9.68942394944,0.0820018978421,23.9768849936,15.2685813203,1.13220477104,0.107243359089
smile,Floyd-Steinberg,Error-scaled (scale),CIEXYY,11.5697880347,0.112660441811,22.1075315535,18.1157529014,1.13361489773,0.212889015675
smile,Floyd-Steinberg,Error-scaled (weighted_target),RGB,8.34628192388,0.0339092887121,28.1035704277,18.5747160832,1.22012805939,0.0396546125412
smile,Floyd-Steinberg,Error-scaled (weighted_target),CIELAB,8.21429188241,0.0299752319943,28.2829781036,19.0556794076,1.24372172356,0.0898894071579
smile,Floyd-Steinberg,Error-scaled (weighted_target),CIEXYY,10.5609635633,0.0390542957646,24.2811700711,16.8489584609,1.23452162743,0.274941384792
smile,Floyd-Steinberg,Error-scaled (confidence),RGB,9.93532178669,0.0902612005055,25.0946544195,14.8955083222,1.12084722519,0.0671110153198
smile,Floyd-Steinberg,Error-scaled (confidence),CIELAB,9.00803289352,0.046875974398,25.8629652212,16.4905459764,1.18171882629,0.0732800960541
smile,Floyd-Steinberg,Error-scaled (confidence),CIEXYY,10.9941054027,0.0620263679779,23.3267995454,16.8453951073,1.21024680138,0.19435441494
smooth-gradient,Floyd-Steinberg,Nearest-colour,RGB,11.8285215434,0.365373604429,15.1820480956,9.28895647556,0.584593355656,0.0141870975494
smooth-gradient,Floyd-Steinberg,Nearest-colour,CIELAB,11.4052139194,0.351628807806,14.2683190168,8.21296648826,0.623519003391,0.0584907531738
smooth-gradient,Floyd-Steinberg,Nearest-colour,CIEXYY,10.9257625872,0.350723236209,16.5605506418,9.80873783203,0.664872944355,0.165763378143
smooth-gradient,Floyd-Steinberg,Weight-driven,RGB,13.5387733922,0.704452359913,11.2836541564,12.3776677522,0.441579937935,0.241187274456
smooth-gradient,Floyd-Steinberg,Weight-driven,CIELAB,13.5387733922,0.704452359913,11.2836541564,12.3776677522,0.441579937935,0.241350233555
smooth-gradient,Floyd-Steinberg,Weight-driven,CIEXYY,13.538773922,0.704452431342,11.2836543596,12.3776673177,0.441579937935,0.241104483604
smooth-gradient,Floyd-Steinberg,Weighted-nearest (α=0.5),RGB,13.5116790234,0.701387563605,11.3365820036,12.3791321131,0.44412124157,0.249889791012
smooth-gradient,Floyd-Steinberg,Weighted-nearest (α=0.5),CIELAB,13.523678322,0.70291369956,11.3202949308,12.3727587068,0.443959236145,0.246219277382
smooth-gradient,Floyd-Steinberg,Weighted-nearest (α=0.5),CIEXYY,13.5333259919,0.703217439254,11.2970771213,12.3744662906,0.442848086357,0.242938637733
smooth-gradient,Floyd-Steinberg,Softmax (α=0.5),RGB,11.4675115243,0.382229296738,14.8319807949,10.1840276354,0.617826044559,0.0781632661819
smooth-gradient,Floyd-Steinberg,Softmax (α=0.5),CIELAB,11.4044033003,0.351519003147,14.2592550524,8.21756277338,0.625953495502,0.0589334368706
smooth-gradient,Floyd-Steinberg,Softmax (α=0.5),CIEXYY,12.2401903074,0.565270290583,12.4718607747,10.1315199089,0.530220329762,0.267006635666
smooth-gradient,Floyd-Steinberg,Error-scaled (scale),RGB,13.279385931,0.504770818313,11.708434615,8.15302388633,0.396519422531,0.0534350275993
smooth-gradient,Floyd-Steinberg,Error-scaled (scale),CIELAB,12.8786631209,0.504616200447,11.5871425595,9.16347652023,0.451244443655,0.0777881145477
smooth-gradient,Floyd-Steinberg,Error-scaled (scale),CIEXYY,12.3416306667,0.454940934095,12.5625093573,6.7704354523,0.520578861237,0.141773223877
smooth-gradient,Floyd-Steinberg,Error-scaled (weighted_target),RGB,11.9064101829,0.368951564569,15.1354966513,9.15219432172,0.574661374092,0.0169035792351
smooth-gradient,Floyd-Steinberg,Error-scaled (weighted_target),CIELAB,11.3960574351,0.352936306431,14.1693097468,8.36527414673,0.618002593517,0.0633438825607
smooth-gradient,Floyd-Steinberg,Error-scaled (weighted_target),CIEXYY,10.948354898,0.354110638898,16.4746453101,9.6313762603,0.661072075367,0.159151315689
smooth-gradient,Floyd-Steinberg,Error-scaled (confidence),RGB,12.7535037155,0.460480281347,12.9797725633,8.58943243827,0.447329938412,0.0236957073212
smooth-gradient,Floyd-Steinberg,Error-scaled (confidence),CIELAB,12.2809618543,0.45744567555,12.5370767573,8.85671122303,0.489794194698,0.0515551567078
smooth-gradient,Floyd-Steinberg,Error-scaled (confidence),CIEXYY,11.8086058706,0.387547300632,14.037586115,8.26595744239,0.566612243652,0.129053711891
smooth-gradient,Jarvis-Judice-Ninke,Nearest-colour,RGB,11.9079327165,0.365778609858,15.1328459307,9.16226249012,0.617322981358,0.0145362615585
smooth-gradient,Jarvis-Judice-Ninke,Nearest-colour,CIELAB,11.3984454302,0.35056661799,14.0952121359,8.38962155041,0.643515408039,0.055933713913
smooth-gradient,Jarvis-Judice-Ninke,Nearest-colour,CIEXYY,10.9415761468,0.354792548545,16.4883913421,9.7655126681,0.688200771809,0.168973207474
smooth-gradient,Jarvis-Judice-Ninke,Weight-driven,RGB,13.5387733922,0.704452359913,11.2836541564,12.3776677522,0.441579937935,0.241187274456
smooth-gradient,Jarvis-Judice-Ninke,Weight-driven,CIELAB,13.5387733922,0.704452359913,11.2836541564,12.3776677522,0.441579937935,0.241350233555
smooth-gradient,Jarvis-Judice-Ninke,Weight-driven,CIEXYY,13.538773922,0.704452431342,11.2836543596,12.3776673177,0.441579937935,0.241104483604
smooth-gradient,Jarvis-Judice-Ninke,Weighted-nearest (α=0.5),RGB,13.5125990889,0.701825092965,11.338201263,12.3743956374,0.445955812931,0.250525951385
smooth-gradient,Jarvis-Judice-Ninke,Weighted-nearest (α=0.5),CIELAB,13.5226664491,0.703047586319,11.3242506021,12.3636216881,0.44399356842,0.24386626482
smooth-gradient,Jarvis-Judice-Ninke,Weighted-nearest (α=0.5),CIEXYY,13.5364414743,0.70343407725,11.2897434134,12.3605774599,0.442898511887,0.244021594524
smooth-gradient,Jarvis-Judice-Ninke,Softmax (α=0.5),RGB,11.500319648,0.384951332233,14.7711519907,10.1595196701,0.649892508984,0.0919244289398
smooth-gradient,Jarvis-Judice-Ninke,Softmax (α=0.5),CIELAB,11.3962111188,0.350547938899,14.0841430371,8.40406944403,0.646112024784,0.0583413243294
smooth-gradient,Jarvis-Judice-Ninke,Softmax (α=0.5),CIEXYY,12.3283861297,0.574116969236,12.2898261321,10.030325598,0.528746604919,0.268840432167
smooth-gradient,Jarvis-Judice-Ninke,Error-scaled (scale),RGB,13.4085877344,0.510754437162,11.4421823864,8.26022347119,0.454491376877,0.0567643642426
smooth-gradient,Jarvis-Judice-Ninke,Error-scaled (scale),CIELAB,13.0323926471,0.512609418728,11.3606448302,9.34670465604,0.488681584597,0.0847161412239
smooth-gradient,Jarvis-Judice-Ninke,Error-scaled (scale),CIEXYY,12.5037363339,0.465506978942,12.1933300622,6.53410755061,0.544336020947,0.140938520432
smooth-gradient,Jarvis-Judice-Ninke,Error-scaled (weighted_target),RGB,11.9563969222,0.37150767088,15.0652821943,9.13695122958,0.607326090336,0.0209567546844
smooth-gradient,Jarvis-Judice-Ninke,Error-scaled (weighted_target),CIELAB,11.4161644166,0.354098562441,14.0144916901,8.47249567724,0.641461730003,0.065231025219
smooth-gradient,Jarvis-Judice-Ninke,Error-scaled (weighted_target),CIEXYY,10.9740317469,0.360225577975,16.3542103397,9.34538240962,0.675471961498,0.157116651535
smooth-gradient,Jarvis-Judice-Ninke,Error-scaled (confidence),RGB,12.8942968404,0.466637371933,12.7125856681,8.47168216401,0.499474108219,0.0292195081711
smooth-gradient,Jarvis-Judice-Ninke,Error-scaled (confidence),CIELAB,12.4099999237,0.463774481056,12.2894770306,9.00806614073,0.520853877068,0.0578345060349
smooth-gradient,Jarvis-Judice-Ninke,Error-scaled (confidence),CIEXYY,11.9416117093,0.395645946384,13.602114917,7.76199817309,0.587285876274,0.129358947277
smooth-gradient,Stucki,Nearest-colour,RGB,11.901899823,0.365574702942,15.1407717918,9.16258876817,0.583174943924,0.0140347480774
smooth-gradient,Stucki,Nearest-colour,CIELAB,11.3979044217,0.350415538198,14.1365517814,8.35961964615,0.620416641235,0.0592963695526
smooth-gradient,Stucki,Nearest-colour,CIEXYY,10.9383697705,0.353806208474,16.5008021218,9.76131652161,0.663549423218,0.169235408306
smooth-gradient,Stucki,Weight-driven,RGB,13.5387733922,0.704452359913,11.2836541564,12.3776677522,0.441579937935,0.241187274456
smooth-gradient,Stucki,Weight-driven,CIELAB,13.5387733922,0.704452359913,11.2836541564,12.3776677522,0.441579937935,0.241350233555
smooth-gradient,Stucki,Weight-driven,CIEXYY,13.538773922,0.704452431342,11.2836543596,12.3776673177,0.441579937935,0.241104483604
smooth-gradient,Stucki,Weighted-nearest (α=0.5),RGB,13.5121198215,0.701562109927,11.3376832236,12.3742435583,0.445693850517,0.250870227814
smooth-gradient,Stucki,Weighted-nearest (α=0.5),CIELAB,13.5228058835,0.702889437096,11.3236059714,12.3631752808,0.444149762392,0.245787858963
smooth-gradient,Stucki,Weighted-nearest (α=0.5),CIEXYY,13.5353643415,0.703324089,11.292605527,12.3644727346,0.442872613668,0.243771970272
smooth-gradient,Stucki,Softmax (α=0.5),RGB,11.4956000976,0.384158427383,14.7771618797,10.1536140743,0.622009932995,0.0939082503319
smooth-gradient,Stucki,Softmax (α=0.5),CIELAB,11.3963070289,0.350375336903,14.1224620381,8.37341204968,0.62010550499,0.0578451752663
smooth-gradient,Stucki,Softmax (α=0.5),CIEXYY,12.3012983477,0.571297349367,12.3442439006,10.0589372366,0.529412150383,0.268690228462
smooth-gradient,Stucki,Error-scaled (scale),RGB,13.3930906282,0.509828231375,11.4721406523,8.23813774654,0.41013687849,0.0561975240707
smooth-gradient,Stucki,Error-scaled (scale),CIELAB,13.0153769103,0.511711766171,11.3832973199,9.32037534968,0.454818964005,0.0836592912674
smooth-gradient,Stucki,Error-scaled (scale),CIEXYY,12.4846702733,0.464337215982,12.2323241071,6.55421044362,0.521361708641,0.141704797745
smooth-gradient,Stucki,Error-scaled (weighted_target),RGB,11.948712911,0.370879902954,15.0783229718,9.1379312506,0.573938727379,0.0204126834869
smooth-gradient,Stucki,Error-scaled (weighted_target),CIELAB,11.4094950625,0.353289710265,14.0363052622,8.46581932041,0.617161035538,0.0635138750076
smooth-gradient,Stucki,Error-scaled (weighted_target),CIEXYY,10.9683673644,0.358917139997,16.3721350759,9.35144249678,0.655593574047,0.15739518404
smooth-gradient,Stucki,Error-scaled (confidence),RGB,12.8803147274,0.465680148268,12.7412013989,8.47167228958,0.453172415495,0.0261341929436
smooth-gradient,Stucki,Error-scaled (confidence),CIELAB,12.392567898,0.462727472551,12.3167672163,8.98781001961,0.483456552029,0.0567366480827
smooth-gradient,Stucki,Error-scaled (confidence),CIEXYY,11.9259358605,0.394490398603,13.6496634928,7.80329850982,0.557547330856,0.128292858601
smooth-grainy,Floyd-Steinberg,Nearest-colour,RGB,12.2207986297,0.229862772821,25.1064149182,9.50226983097,0.686837494373,0.0123611688614
smooth-grainy,Floyd-Steinberg,Nearest-colour,CIELAB,11.4194644717,0.207525915909,22.3117070641,9.91018307927,0.805733978748,0.0268953442574
smooth-grainy,Floyd-Steinberg,Nearest-colour,CIEXYY,11.8098028496,0.170511786163,23.587849347,10.5260311014,0.780243456364,0.103104710579
smooth-grainy,Floyd-Steinberg,Weight-driven,RGB,12.4895989868,0.384028300533,20.0715526892,17.8101314272,0.474850982428,0.205657720566
smooth-grainy,Floyd-Steinberg,Weight-driven,CIELAB,12.4895989868,0.384028300533,20.0715526892,17.8101314272,0.474850982428,0.205600619316
smooth-grainy,Floyd-Steinberg,Weight-driven,CIEXYY,12.4895996033,0.384028364181,20.0715534275,17.8101307704,0.47485101223,0.205650806427
smooth-grainy,Floyd-Steinberg,Weighted-nearest (α=0.5),RGB,12.4894694935,0.385801289087,20.0642054825,17.826637617,0.472327470779,0.201503694057
smooth-grainy,Floyd-Steinberg,Weighted-nearest (α=0.5),CIELAB,12.4843278065,0.383817846355,20.0516250576,17.6270581336,0.473701894283,0.204690039158
smooth-grainy,Floyd-Steinberg,Weighted-nearest (α=0.5),CIEXYY,12.4896456913,0.383364431007,20.0525787969,17.7149936527,0.473312318325,0.206887722015
smooth-grainy,Floyd-Steinberg,Softmax (α=0.5),RGB,11.2000380509,0.232221022279,24.3004952267,14.3981567348,0.800629138947,0.0237217545509
smooth-grainy,Floyd-Steinberg,Softmax (α=0.5),CIELAB,11.4227779679,0.20778264227,22.3030138254,9.91103881321,0.798256278038,0.0253512859344
smooth-grainy,Floyd-Steinberg,Softmax (α=0.5),CIEXYY,11.7893560538,0.254889897473,22.582501222,9.36934797057,0.679123878479,0.103510856628
smooth-grainy,Floyd-Steinberg,Error-scaled (scale),RGB,13.0682648568,0.290692303489,22.1204988704,8.63198792725,0.529512941837,0.0214701294899
smooth-grainy,Floyd-Steinberg,Error-scaled (scale),CIELAB,12.2875441659,0.270468992827,19.6854119388,8.68698531216,0.632806122303,0.0351984500885
smooth-grainy,Floyd-Steinberg,Error-scaled (scale),CIEXYY,11.3694361036,0.183403742184,23.9856177525,12.3129877675,0.790704071522,0.117889821529
smooth-grainy,Floyd-Steinberg,Error-scaled (weighted_target),RGB,12.4211080595,0.245958080824,24.731618152,9.5999480441,0.660255551338,0.0126566290855
smooth-grainy,Floyd-Steinberg,Error-scaled (weighted_target),CIELAB,11.6730943114,0.22685215482,21.7898347187,9.93329281645,0.7599132061,0.0294715762138
smooth-grainy,Floyd-Steinberg,Error-scaled (weighted_target),CIEXYY,11.8183655829,0.175415978557,23.5461316568,10.6414201451,0.780586838722,0.117249727249
smooth-grainy,Floyd-Steinberg,Error-scaled (confidence),RGB,12.6450857715,0.265295126649,23.4633551755,8.86380076433,0.597266256809,0.0147347450256
smooth-grainy,Floyd-Steinberg,Error-scaled (confidence),CIELAB,11.9141850306,0.248467850558,20.7273770596,8.91757541057,0.706353664398,0.0235488414764
smooth-grainy,Floyd-Steinberg,Error-scaled (confidence),CIEXYY,11.3631858091,0.171531900206,24.207026627,12.2301126133,0.824763298035,0.112658143044
smooth-grainy,Jarvis-Judice-Ninke,Nearest-colour,RGB,12.4497138964,0.248025833341,24.6654307139,9.59960601932,0.770883500576,0.0131821036339
smooth-grainy,Jarvis-Judice-Ninke,Nearest-colour,CIELAB,11.7153744491,0.229787984342,21.6921140264,9.93865745562,0.853306174278,0.0272467136383
smooth-grainy,Jarvis-Judice-Ninke,Nearest-colour,CIEXYY,11.8224464311,0.172873547738,23.4731509574,10.620814886,0.854803621769,0.115825533867
smooth-grainy,Jarvis-Judice-Ninke,Weight-driven,RGB,12.4895989868,0.384028300533,20.0715526892,17.8101314272,0.474850982428,0.205657720566
smooth-grainy,Jarvis-Judice-Ninke,Weight-driven,CIELAB,12.4895989868,0.384028300533,20.0715526892,17.8101314272,0.474850982428,0.205600619316
smooth-grainy,Jarvis-Judice-Ninke,Weight-driven,CIEXYY,12.4895996033,0.384028364181,20.0715534275,17.8101307704,0.47485101223,0.205650806427
smooth-grainy,Jarvis-Judice-Ninke,Weighted-nearest (α=0.5),RGB,12.4957307755,0.387047557788,20.0566415583,17.8720752384,0.472447216511,0.200917005539
smooth-grainy,Jarvis-Judice-Ninke,Weighted-nearest (α=0.5),CIELAB,12.4915826719,0.384147166493,20.041739465,17.6665805931,0.472709238529,0.205867171288
smooth-grainy,Jarvis-Judice-Ninke,Weighted-nearest (α=0.5),CIEXYY,12.4921887987,0.383407378501,20.0419102005,17.6949439439,0.473586261272,0.20666706562
smooth-grainy,Jarvis-Judice-Ninke,Softmax (α=0.5),RGB,11.3340756872,0.248396804216,23.9073007137,14.5279035066,0.856832206249,0.0315089225769
smooth-grainy,Jarvis-Judice-Ninke,Softmax (α=0.5),CIELAB,11.7113270346,0.22976816469,21.6942842543,9.95199015872,0.852166175842,0.0278686881065
smooth-grainy,Jarvis-Judice-Ninke,Softmax (α=0.5),CIEXYY,11.9141734879,0.265286353853,22.3206910625,9.5942628709,0.702350795269,0.11584854126
smooth-grainy,Jarvis-Judice-Ninke,Error-scaled (scale),RGB,13.3430201114,0.308239197096,21.5450900123,8.89006989103,0.599285840988,0.0253304243088
smooth-grainy,Jarvis-Judice-Ninke,Error-scaled (scale),CIELAB,12.5491514413,0.285109024113,19.0608081673,8.87065995587,0.695099234581,0.0390731096268
smooth-grainy,Jarvis-Judice-Ninke,Error-scaled (scale),CIEXYY,11.404535839,0.189067032352,23.7203135957,12.2164146076,0.862450242043,0.126081645489
smooth-grainy,Jarvis-Judice-Ninke,Error-scaled (weighted_target),RGB,12.5617001969,0.25871879177,24.5135179928,9.66204140334,0.743445277214,0.0165026187897
smooth-grainy,Jarvis-Judice-Ninke,Error-scaled (weighted_target),CIELAB,11.8386535219,0.243049324154,21.3545195358,10.0896146902,0.80760294199,0.0324546098709
smooth-grainy,Jarvis-Judice-Ninke,Error-scaled (weighted_target),CIEXYY,11.7523323636,0.177314040212,23.6137850182,10.9911519134,0.85466581583,0.130492866039
smooth-grainy,Jarvis-Judice-Ninke,Error-scaled (confidence),RGB,12.9173161488,0.283796500522,22.8556788872,8.92686679112,0.670546889305,0.0163252949715
smooth-grainy,Jarvis-Judice-Ninke,Error-scaled (confidence),CIELAB,12.2194597178,0.267110539631,20.0315544072,8.91648573414,0.758543670177,0.0279279351234
smooth-grainy,Jarvis-Judice-Ninke,Error-scaled (confidence),CIEXYY,11.3806988328,0.175678240731,24.0050665136,12.1554439537,0.897440314293,0.12740033865
smooth-grainy,Stucki,Nearest-colour,RGB,12.4237269781,0.246045473286,24.7139423492,9.59862480635,0.696648478508,0.0128889083862
smooth-grainy,Stucki,Nearest-colour,CIELAB,11.6722773764,0.227029832053,21.7769197925,9.94576877348,0.790303170681,0.0283620357513
smooth-grainy,Stucki,Nearest-colour,CIEXYY,11.8234069861,0.172639915423,23.4872956127,10.6188257525,0.799305617809,0.113927006721
smooth-grainy,Stucki,Weight-driven,RGB,12.4895989868,0.384028300533,20.0715526892,17.8101314272,0.474850982428,0.205657720566
smooth-grainy,Stucki,Weight-driven,CIELAB,12.4895989868,0.384028300533,20.0715526892,17.8101314272,0.474850982428,0.205600619316
smooth-grainy,Stucki,Weight-driven,CIEXYY,12.4895996033,0.384028364181,20.0715534275,17.8101307704,0.47485101223,0.205650806427
smooth-grainy,Stucki,Weighted-nearest (α=0.5),RGB,12.494336656,0.38694615394,20.0578829917,17.8740770714,0.471193104982,0.200516998768
smooth-grainy,Stucki,Weighted-nearest (α=0.5),CIELAB,12.4892225568,0.384125628722,20.0400181658,17.6368748625,0.472330629826,0.205068588257
smooth-grainy,Stucki,Weighted-nearest (α=0.5),CIEXYY,12.4917871932,0.383389951057,20.0428603857,17.6964404784,0.473480761051,0.206400215626
smooth-grainy,Stucki,Softmax (α=0.5),RGB,11.3212412585,0.246476246295,23.9464030868,14.4997945949,0.799954116344,0.0319644212723
smooth-grainy,Stucki,Softmax (α=0.5),CIELAB,11.6745890494,0.227075702972,21.7738793195,9.94486551704,0.789040088654,0.026972413063
smooth-grainy,Stucki,Softmax (α=0.5),CIEXYY,11.8984750238,0.263873778106,22.3519451162,9.58423128489,0.674199938774,0.111651599407
smooth-grainy,Stucki,Error-scaled (scale),RGB,13.3154234532,0.306574535233,21.5931657186,8.85391632589,0.534984648228,0.0241943597794
smooth-grainy,Stucki,Error-scaled (scale),CIELAB,12.5212660402,0.283534015953,19.1340307448,8.83764593973,0.633636236191,0.0385549068451
smooth-grainy,Stucki,Error-scaled (scale),CIEXYY,11.402124568,0.188519476667,23.75132674,12.2266551877,0.807174026966,0.12477850914
smooth-grainy,Stucki,Error-scaled (weighted_target),RGB,12.5444239419,0.257115727923,24.5373476147,9.65391989545,0.674973785877,0.016721367836
smooth-grainy,Stucki,Error-scaled (weighted_target),CIELAB,11.8198430488,0.240980479013,21.4128638822,10.0620327643,0.749199986458,0.0318559408188
smooth-grainy,Stucki,Error-scaled (weighted_target),CIEXYY,11.7586695759,0.176931836977,23.6101830694,10.9821666039,0.803047180176,0.130932092667
smooth-grainy,Stucki,Error-scaled (confidence),RGB,12.8873752785,0.281772042926,22.9114718001,8.91289139557,0.595936894417,0.0157033205032
smooth-grainy,Stucki,Error-scaled (confidence),CIELAB,12.1816085943,0.265158281645,20.1146381658,8.91759479642,0.693650901318,0.0268516540527
smooth-grainy,Stucki,Error-scaled (confidence),CIEXYY,11.3843174107,0.175378431432,24.0267899847,12.1415901158,0.840446591377,0.123986184597
spacebun-girl-10-palette,Floyd-Steinberg,Nearest-colour,RGB,10.8804844862,0.0874651347064,25.773527462,6.9173328659,0.935670018196,0.0283606648445
spacebun-girl-10-palette,Floyd-Steinberg,Nearest-colour,CIELAB,8.64081138707,0.0590124549452,26.5315053682,10.4730566234,1.15093457699,0.0471988916397
spacebun-girl-10-palette,Floyd-Steinberg,Nearest-colour,CIEXYY,10.7819201594,0.0914044869627,25.0608372001,3.37319053091,0.833720505238,0.0745517015457
spacebun-girl-10-palette,Floyd-Steinberg,Weight-driven,RGB,10.2876203954,0.402812987063,21.4202096928,18.6890335313,0.575368463993,0.320932269096
spacebun-girl-10-palette,Floyd-Steinberg,Weight-driven,CIELAB,10.2876203954,0.402812987063,21.4202096928,18.6890335313,0.575368463993,0.321009516716
spacebun-girl-10-palette,Floyd-Steinberg,Weight-driven,CIEXYY,10.2876203029,0.402813023706,21.4202103081,18.6890331377,0.575368404388,0.321051895618
spacebun-girl-10-palette,Floyd-Steinberg,Weighted-nearest (α=0.5),RGB,10.2656719295,0.387523598166,21.419162295,18.4782285113,0.587806344032,0.323360204697
spacebun-girl-10-palette,Floyd-Steinberg,Weighted-nearest (α=0.5),CIELAB,10.2622537613,0.393840911231,21.4479412552,18.5315755852,0.584836959839,0.318932235241
spacebun-girl-10-palette,Floyd-Steinberg,Weighted-nearest (α=0.5),CIEXYY,10.2665191874,0.3905754771,21.3682590444,18.3544851301,0.586243033409,0.320800840855
spacebun-girl-10-palette,Floyd-Steinberg,Softmax (α=0.5),RGB,10.2470561887,0.0831040777231,25.9387697584,8.09435447786,0.981957376003,0.0387967824936
spacebun-girl-10-palette,Floyd-Steinberg,Softmax (α=0.5),CIELAB,8.64041565278,0.0586139027552,26.5288620711,10.4675889069,1.14481365681,0.0472052693367
spacebun-girl-10-palette,Floyd-Steinberg,Softmax (α=0.5),CIEXYY,9.8711985086,0.27164649401,22.6805918341,10.9756103804,0.768104910851,0.336290299892
spacebun-girl-10-palette,Floyd-Steinberg,Error-scaled (scale),RGB,11.5707020646,0.186476583573,23.2471820362,6.98683929192,0.795724153519,0.0447190999985
spacebun-girl-10-palette,Floyd-Steinberg,Error-scaled (scale),CIELAB,9.26573329278,0.188084072715,23.6873844203,10.807479089,0.959257781506,0.0720258355141
spacebun-girl-10-palette,Floyd-Steinberg,Error-scaled (scale),CIEXYY,11.4640030006,0.234822571767,22.0920602273,4.36837716255,0.691981315613,0.0731966495514
spacebun-girl-10-palette,Floyd-Steinberg,Error-scaled (weighted_target),RGB,10.9785144244,0.0945983729707,25.6730228586,6.86020407855,0.927566826344,0.0328770875931
spacebun-girl-10-palette,Floyd-Steinberg,Error-scaled (weighted_target),CIELAB,8.56522592819,0.0670918743108,26.4094676036,10.9931587205,1.13113248348,0.0475481748581
spacebun-girl-10-palette,Floyd-Steinberg,Error-scaled (weighted_target),CIEXYY,10.8646308499,0.101044707437,24.7660630033,3.47560702354,0.789279043674,0.0786259770393
spacebun-girl-10-palette,Floyd-Steinberg,Error-scaled (confidence),RGB,11.2127950787,0.144136633077,24.5014313581,6.89458261298,0.879787564278,0.0318840742111
spacebun-girl-10-palette,Floyd-Steinberg,Error-scaled (confidence),CIELAB,8.95456080196,0.138217487428,25.0850371709,10.3539843624,1.05257463455,0.0533546209335
spacebun-girl-10-palette,Floyd-Steinberg,Error-scaled (confidence),CIEXYY,11.1053561643,0.176653275756,23.6824968444,3.53142817784,0.743211507797,0.0660924315453
spacebun-girl-10-palette,Jarvis-Judice-Ninke,Nearest-colour,RGB,10.9886812896,0.0951035325353,25.6509267222,6.8648378475,1.05108761787,0.0366159677505
spacebun-girl-10-palette,Jarvis-Judice-Ninke,Nearest-colour,CIELAB,8.57805711479,0.0683711706288,26.3359301182,11.0262508934,1.21696984768,0.0616661906242
spacebun-girl-10-palette,Jarvis-Judice-Ninke,Nearest-colour,CIEXYY,10.8633518684,0.0999711746652,24.7727376021,3.45278014643,0.874029874802,0.0806509852409
spacebun-girl-10-palette,Jarvis-Judice-Ninke,Weight-driven,RGB,10.2876203954,0.402812987063,21.4202096928,18.6890335313,0.575368463993,0.320932269096
spacebun-girl-10-palette,Jarvis-Judice-Ninke,Weight-driven,CIELAB,10.2876203954,0.402812987063,21.4202096928,18.6890335313,0.575368463993,0.321009516716
spacebun-girl-10-palette,Jarvis-Judice-Ninke,Weight-driven,CIEXYY,10.2876203029,0.402813023706,21.4202103081,18.6890331377,0.575368404388,0.321051895618
spacebun-girl-10-palette,Jarvis-Judice-Ninke,Weighted-nearest (α=0.5),RGB,10.2499754725,0.383271399486,21.452228534,18.4500107232,0.596733212471,0.324083149433
spacebun-girl-10-palette,Jarvis-Judice-Ninke,Weighted-nearest (α=0.5),CIELAB,10.2427395286,0.390453474168,21.4758562015,18.4820723216,0.588428616524,0.323228001595
spacebun-girl-10-palette,Jarvis-Judice-Ninke,Weighted-nearest (α=0.5),CIEXYY,10.2553271077,0.388107703585,21.3829967377,18.2403183557,0.596208512783,0.32553756237
spacebun-girl-10-palette,Jarvis-Judice-Ninke,Softmax (α=0.5),RGB,10.3290991877,0.0930796884766,25.7208981689,8.12188981231,1.07191169262,0.0534080862999
spacebun-girl-10-palette,Jarvis-Judice-Ninke,Softmax (α=0.5),CIELAB,8.57689220989,0.0682090856024,26.3336351958,11.0256136205,1.22019338608,0.0599852800369
spacebun-girl-10-palette,Jarvis-Judice-Ninke,Softmax (α=0.5),CIEXYY,9.93404620723,0.282213023311,22.5411999343,10.953125204,0.765035808086,0.349598228931
spacebun-girl-10-palette,Jarvis-Judice-Ninke,Error-scaled (scale),RGB,11.7492421896,0.198908299061,22.731525016,7.08449832369,0.904535651207,0.0559158921242
spacebun-girl-10-palette,Jarvis-Judice-Ninke,Error-scaled (scale),CIELAB,9.3267794404,0.205603157753,23.1651130237,11.2633791076,1.06234371662,0.086569070816
spacebun-girl-10-palette,Jarvis-Judice-Ninke,Error-scaled (scale),CIEXYY,11.6181598277,0.249210596846,21.537742585,4.71388695515,0.736015558243,0.0862459540367
spacebun-girl-10-palette,Jarvis-Judice-Ninke,Error-scaled (weighted_target),RGB,11.0474655455,0.102427008559,25.5522718172,6.85552540011,1.01534676552,0.0467321872711
spacebun-girl-10-palette,Jarvis-Judice-Ninke,Error-scaled (weighted_target),CIELAB,8.62370882777,0.0801824169362,26.1826973184,11.0675664483,1.20094406605,0.0658103823662
spacebun-girl-10-palette,Jarvis-Judice-Ninke,Error-scaled (weighted_target),CIEXYY,10.9434429301,0.113483418979,24.5038668058,3.61394587387,0.838236808777,0.0929350852966
spacebun-girl-10-palette,Jarvis-Judice-Ninke,Error-scaled (confidence),RGB,11.3851700475,0.156115129879,24.1218634186,6.82167220012,0.987549066544,0.0382400751114
spacebun-girl-10-palette,Jarvis-Judice-Ninke,Error-scaled (confidence),CIELAB,8.96627510198,0.152395009604,24.6387234286,10.8402049884,1.13612115383,0.0656856894493
spacebun-girl-10-palette,Jarvis-Judice-Ninke,Error-scaled (confidence),CIEXYY,11.2280857227,0.187156351402,23.2457607093,3.69722050853,0.80280983448,0.0729315280914
spacebun-girl-10-palette,Stucki,Nearest-colour,RGB,10.9782016103,0.0938915573034,25.6702146463,6.86476159302,0.967625617981,0.0333416461945
spacebun-girl-10-palette,Stucki,Nearest-colour,CIELAB,8.56811321538,0.0663108152109,26.378391752,11.0115207823,1.15945863724,0.0512425303459
spacebun-girl-10-palette,Stucki,Nearest-colour,CIEXYY,10.8543504072,0.0987023829377,24.805887502,3.44300047211,0.821437239647,0.0773767232895
spacebun-girl-10-palette,Stucki,Weight-driven,RGB,10.2876203954,0.402812987063,21.4202096928,18.6890335313,0.575368463993,0.320932269096
spacebun-girl-10-palette,Stucki,Weight-driven,CIELAB,10.2876203954,0.402812987063,21.4202096928,18.6890335313,0.575368463993,0.321009516716
spacebun-girl-10-palette,Stucki,Weight-driven,CIEXYY,10.2876203029,0.402813023706,21.4202103081,18.6890331377,0.575368404388,0.321051895618
spacebun-girl-10-palette,Stucki,Weighted-nearest (α=0.5),RGB,10.25310332,0.383452537025,21.4421399219,18.4522922403,0.592627584934,0.324365258217
spacebun-girl-10-palette,Stucki,Weighted-nearest (α=0.5),CIELAB,10.2423907044,0.390254070685,21.4793329737,18.4862671086,0.587796926498,0.322624862194
spacebun-girl-10-palette,Stucki,Weighted-nearest (α=0.5),CIEXYY,10.2557120101,0.387631615982,21.3789036872,18.2367954104,0.592217683792,0.324316322803
spacebun-girl-10-palette,Stucki,Softmax (α=0.5),RGB,10.3253570213,0.0916449139105,25.7533518639,8.10119082896,0.988352060318,0.0480378866196
spacebun-girl-10-palette,Stucki,Softmax (α=0.5),CIELAB,8.56939914115,0.0663831715365,26.3706490723,11.0048705103,1.16599917412,0.0521342754364
spacebun-girl-10-palette,Stucki,Softmax (α=0.5),CIEXYY,9.93552185806,0.279920361798,22.543274992,10.9369864531,0.758742749691,0.346588611603
spacebun-girl-10-palette,Stucki,Error-scaled (scale),RGB,11.7291622056,0.197500454631,22.7943124788,7.0714599171,0.827577054501,0.0534951090813
spacebun-girl-10-palette,Stucki,Error-scaled (scale),CIELAB,9.30874027668,0.203357589465,23.2276576321,11.2328851904,0.983706355095,0.0810850262642
spacebun-girl-10-palette,Stucki,Error-scaled (scale),CIEXYY,11.6019600727,0.247242086057,21.5979143362,4.66453841068,0.693529725075,0.0853178501129
spacebun-girl-10-palette,Stucki,Error-scaled (weighted_target),RGB,11.0362076816,0.101401933002,25.5748456033,6.85515779855,0.932081878185,0.0412882566452
spacebun-girl-10-palette,Stucki,Error-scaled (weighted_target),CIELAB,8.61077145846,0.0778603668822,26.2266824739,11.0631267686,1.13636958599,0.0521370172501
spacebun-girl-10-palette,Stucki,Error-scaled (weighted_target),CIEXYY,10.933170715,0.111520691695,24.5328407994,3.59768413708,0.783401966095,0.0895010828972
spacebun-girl-10-palette,Stucki,Error-scaled (confidence),RGB,11.3695016883,0.154601250684,24.1661615654,6.82143046385,0.902084231377,0.0365445613861
spacebun-girl-10-palette,Stucki,Error-scaled (confidence),CIELAB,8.94851277454,0.149892728157,24.7087791688,10.8280401416,1.06132459641,0.0566703677177
spacebun-girl-10-palette,Stucki,Error-scaled (confidence),CIEXYY,11.2152928941,0.185912362024,23.2958679174,3.67532087256,0.747927248478,0.0734149217606
spacebun-girl-6-palette,Floyd-Steinberg,Nearest-colour,RGB,7.65782168072,0.0394891784058,29.0843683975,13.2639530725,1.1704890728,0.0713229775429
spacebun-girl-6-palette,Floyd-Steinberg,Nearest-colour,CIELAB,7.24458417766,0.0350364095035,29.6044443311,10.8150220919,1.15875649452,0.212341070175
spacebun-girl-6-palette,Floyd-Steinberg,Nearest-colour,CIEXYY,7.2610704206,0.0510957603673,32.1291742929,10.1451722156,1.19563734531,0.255139172077
spacebun-girl-6-palette,Floyd-Steinberg,Weight-driven,RGB,9.15732764597,0.351321335365,23.6101581734,16.4686639671,0.646159946918,0.405631780624
spacebun-girl-6-palette,Floyd-Steinberg,Weight-driven,CIELAB,9.15732764597,0.351321335365,23.6101581734,16.4686639671,0.646159946918,0.405766844749
spacebun-girl-6-palette,Floyd-Steinberg,Weight-driven,CIEXYY,9.15732849874,0.351321431997,23.610158452,16.4686636006,0.646160006523,0.405978441238
spacebun-girl-6-palette,Floyd-Steinberg,Weighted-nearest (α=0.5),RGB,9.13470595684,0.335721088413,23.4604338285,16.2643246411,0.657723784447,0.410763084888
spacebun-girl-6-palette,Floyd-Steinberg,Weighted-nearest (α=0.5),CIELAB,9.14584954736,0.344965599737,23.53733619,16.341355187,0.650642812252,0.403184831142
spacebun-girl-6-palette,Floyd-Steinberg,Weighted-nearest (α=0.5),CIEXYY,9.12959178393,0.338261865548,23.3383403656,16.0898939025,0.652532696724,0.409270405769
spacebun-girl-6-palette,Floyd-Steinberg,Softmax (α=0.5),RGB,7.60778000098,0.0516344965648,29.2454783427,13.7388181894,1.10663712025,0.097692668438
spacebun-girl-6-palette,Floyd-Steinberg,Softmax (α=0.5),CIELAB,7.24680183029,0.0354991839177,29.5939378417,10.8105674213,1.16386377811,0.217506885529
spacebun-girl-6-palette,Floyd-Steinberg,Softmax (α=0.5),CIEXYY,7.80340968705,0.177011140895,28.0763203444,12.5247468391,0.792728543282,0.43189740181
spacebun-girl-6-palette,Floyd-Steinberg,Error-scaled (scale),RGB,8.82903452507,0.145295112824,27.3212021508,13.2707682437,0.956822633743,0.11057549715
spacebun-girl-6-palette,Floyd-Steinberg,Error-scaled (scale),CIELAB,8.16094970881,0.170278316092,26.1183757623,13.0226890993,1.00280153751,0.148908078671
spacebun-girl-6-palette,Floyd-Steinberg,Error-scaled (scale),CIEXYY,8.04107480708,0.181377992629,29.1401074168,7.95869601555,0.900434374809,0.220980167389
spacebun-girl-6-palette,Floyd-Steinberg,Error-scaled (weighted_target),RGB,7.71374401685,0.0465196125575,28.9241383011,13.1717958124,1.15002655983,0.0772190690041
spacebun-girl-6-palette,Floyd-Steinberg,Error-scaled (weighted_target),CIELAB,7.27528487035,0.0434591930099,29.4980562673,10.9349775344,1.16063284874,0.211747944355
spacebun-girl-6-palette,Floyd-Steinberg,Error-scaled (weighted_target),CIEXYY,7.30137965444,0.0631618241888,31.8989903173,10.0808809108,1.14867067337,0.254828810692
spacebun-girl-6-palette,Floyd-Steinberg,Error-scaled (confidence),RGB,8.26600965032,0.1068759343,28.0067536701,12.9500773122,1.04035389423,0.0629424452782
spacebun-girl-6-palette,Floyd-Steinberg,Error-scaled (confidence),CIELAB,7.83154163505,0.119587439561,27.92054614,11.2457851053,1.11393260956,0.127887129784
spacebun-girl-6-palette,Floyd-Steinberg,Error-scaled (confidence),CIEXYY,7.67032779022,0.125949737692,30.6312180936,8.65650084187,1.02222931385,0.225235164165
spacebun-girl-6-palette,Jarvis-Judice-Ninke,Nearest-colour,RGB,7.70552917915,0.0451205658695,28.9166665579,13.1901360395,1.23742043972,0.0806394815445
spacebun-girl-6-palette,Jarvis-Judice-Ninke,Nearest-colour,CIELAB,7.28050948208,0.0425917610564,29.4785189974,10.7950244859,1.22885155678,0.210301160812
spacebun-girl-6-palette,Jarvis-Judice-Ninke,Nearest-colour,CIEXYY,7.26939173713,0.0612712061903,32.0670170015,10.3069419914,1.25592064857,0.269128322601
spacebun-girl-6-palette,Jarvis-Judice-Ninke,Weight-driven,RGB,9.15732764597,0.351321335365,23.6101581734,16.4686639671,0.646159946918,0.405631780624
spacebun-girl-6-palette,Jarvis-Judice-Ninke,Weight-driven,CIELAB,9.15732764597,0.351321335365,23.6101581734,16.4686639671,0.646159946918,0.405766844749
spacebun-girl-6-palette,Jarvis-Judice-Ninke,Weight-driven,CIEXYY,9.15732849874,0.351321431997,23.610158452,16.4686636006,0.646160006523,0.405978441238
spacebun-girl-6-palette,Jarvis-Judice-Ninke,Weighted-nearest (α=0.5),RGB,9.1120981745,0.327125713848,23.4916807331,15.9587784799,0.678710579872,0.421368896961
spacebun-girl-6-palette,Jarvis-Judice-Ninke,Weighted-nearest (α=0.5),CIELAB,9.14389575737,0.345042551565,23.5656028357,16.3336127573,0.650934755802,0.399507939816
spacebun-girl-6-palette,Jarvis-Judice-Ninke,Weighted-nearest (α=0.5),CIEXYY,9.11914246062,0.337504388886,23.3186806989,15.9930380614,0.652668714523,0.412094175816
spacebun-girl-6-palette,Jarvis-Judice-Ninke,Softmax (α=0.5),RGB,7.64895978515,0.0599789360623,29.067685427,13.7052462103,1.17526245117,0.105846762657
spacebun-girl-6-palette,Jarvis-Judice-Ninke,Softmax (α=0.5),CIELAB,7.28308243927,0.0429883338791,29.4665327066,10.7916667636,1.2224984169,0.205512523651
spacebun-girl-6-palette,Jarvis-Judice-Ninke,Softmax (α=0.5),CIEXYY,7.81543354038,0.185098097794,28.0105119143,12.669604237,0.787286162376,0.439805805683
spacebun-girl-6-palette,Jarvis-Judice-Ninke,Error-scaled (scale),RGB,9.03998129891,0.157257555924,26.943590799,13.3199416651,1.07178854942,0.125583410263
spacebun-girl-6-palette,Jarvis-Judice-Ninke,Error-scaled (scale),CIELAB,8.29386898742,0.181680707518,25.5740047289,13.3580978584,1.07924473286,0.17317199707
spacebun-girl-6-palette,Jarvis-Judice-Ninke,Error-scaled (scale),CIEXYY,8.14605251229,0.190943890914,28.6726766237,7.91522625954,0.985795199871,0.227928996086
spacebun-girl-6-palette,Jarvis-Judice-Ninke,Error-scaled (weighted_target),RGB,7.75856422772,0.0568438977487,28.765053468,13.1361311734,1.19333422184,0.0867605805397
spacebun-girl-6-palette,Jarvis-Judice-Ninke,Error-scaled (weighted_target),CIELAB,7.31940806294,0.055828992733,29.3787931804,10.9201757593,1.20653963089,0.206409454346
spacebun-girl-6-palette,Jarvis-Judice-Ninke,Error-scaled (weighted_target),CIEXYY,7.31948583526,0.0793578906719,31.8019861874,10.2425039169,1.18981277943,0.266034901142
spacebun-girl-6-palette,Jarvis-Judice-Ninke,Error-scaled (confidence),RGB,8.44303479744,0.117291239871,27.6248001575,12.7881093701,1.14057147503,0.0709969997406
spacebun-girl-6-palette,Jarvis-Judice-Ninke,Error-scaled (confidence),CIELAB,7.95499837123,0.131170998493,27.2528745815,11.7279465952,1.15682649612,0.126563191414
spacebun-girl-6-palette,Jarvis-Judice-Ninke,Error-scaled (confidence),CIEXYY,7.73496865637,0.135526500404,30.313681317,8.73996885427,1.09177529812,0.241143703461
spacebun-girl-6-palette,Stucki,Nearest-colour,RGB,7.70191262813,0.0440749602316,28.9330101675,13.1880736318,1.1826518774,0.0755562186241
spacebun-girl-6-palette,Stucki,Nearest-colour,CIELAB,7.27851711118,0.0411979440596,29.4854592597,10.7747087824,1.18421697617,0.200256705284
spacebun-girl-6-palette,Stucki,Nearest-colour,CIEXYY,7.26784566443,0.0588036998328,32.073004071,10.2701874103,1.18920826912,0.256679773331
spacebun-girl-6-palette,Stucki,Weight-driven,RGB,9.15732764597,0.351321335365,23.6101581734,16.4686639671,0.646159946918,0.405631780624
spacebun-girl-6-palette,Stucki,Weight-driven,CIELAB,9.15732764597,0.351321335365,23.6101581734,16.4686639671,0.646159946918,0.405766844749
spacebun-girl-6-palette,Stucki,Weight-driven,CIEXYY,9.15732849874,0.351321431997,23.610158452,16.4686636006,0.646160006523,0.405978441238
spacebun-girl-6-palette,Stucki,Weighted-nearest (α=0.5),RGB,9.11447196016,0.327173480584,23.4752909709,16.0204457662,0.667310535908,0.41841340065
spacebun-girl-6-palette,Stucki,Weighted-nearest (α=0.5),CIELAB,9.14318160619,0.344864637701,23.5608762394,16.3247720049,0.649684906006,0.39977478981
spacebun-girl-6-palette,Stucki,Weighted-nearest (α=0.5),CIEXYY,9.11794199021,0.336722513869,23.3100436145,15.9845955032,0.650814771652,0.411153137684
spacebun-girl-6-palette,Stucki,Softmax (α=0.5),RGB,7.64281826697,0.0584027810635,29.0907523884,13.7128427087,1.110714674,0.103438735008
spacebun-girl-6-palette,Stucki,Softmax (α=0.5),CIELAB,7.28098952141,0.0416381550627,29.4747278552,10.7742216714,1.1799826622,0.197961032391
spacebun-girl-6-palette,Stucki,Softmax (α=0.5),CIEXYY,7.81411128709,0.183703181321,28.0186100132,12.6420398105,0.780957996845,0.438176035881
spacebun-girl-6-palette,Stucki,Error-scaled (scale),RGB,9.01775871461,0.156122842129,26.9903077625,13.2950992002,0.975509643555,0.119560956955
spacebun-girl-6-palette,Stucki,Error-scaled (scale),CIELAB,8.27644579688,0.180081412691,25.6411566522,13.3135767506,1.01175701618,0.162530303001
spacebun-girl-6-palette,Stucki,Error-scaled (scale),CIEXYY,8.13261550185,0.189547325865,28.7308428956,7.91879988369,0.91635787487,0.223365545273
spacebun-girl-6-palette,Stucki,Error-scaled (weighted_target),RGB,7.75266478506,0.0554178027731,28.7880705122,13.1363335464,1.14169049263,0.0820158720016
spacebun-girl-6-palette,Stucki,Error-scaled (weighted_target),CIELAB,7.31648142127,0.0539126818325,29.373624457,10.908968464,1.15819168091,0.201026022434
spacebun-girl-6-palette,Stucki,Error-scaled (weighted_target),CIEXYY,7.31768237694,0.0766520410074,31.805853318,10.2055390937,1.13557064533,0.260923564434
spacebun-girl-6-palette,Stucki,Error-scaled (confidence),RGB,8.42365089482,0.115952342812,27.6754965538,12.7871527188,1.06047463417,0.072643995285
spacebun-girl-6-palette,Stucki,Error-scaled (confidence),CIELAB,7.9374042377,0.129236349191,27.3383327928,11.677816922,1.1081097126,0.121918916702
spacebun-girl-6-palette,Stucki,Error-scaled (confidence),CIEXYY,7.7259006732,0.133943871832,30.3532552295,8.72446532101,1.02373719215,0.23696911335
sunset,Floyd-Steinberg,Nearest-colour,RGB,10.512701345,0.0523051254101,27.7820396405,11.6510046571,1.19771051407,0.0157579183578
sunset,Floyd-Steinberg,Nearest-colour,CIELAB,8.65144195987,0.0237938083598,29.0823447302,14.8342948464,1.28482663631,0.0258342027664
sunset,Floyd-Steinberg,Nearest-colour,CIEXYY,10.344739771,0.0497950447655,28.6570786585,14.7467210201,0.849243044853,0.336974442005
sunset,Floyd-Steinberg,Weight-driven,RGB,11.3769573256,0.356974975673,21.3555778932,20.8712482297,0.662090539932,0.617656767368
sunset,Floyd-Steinberg,Weight-driven,CIELAB,11.3769573256,0.356974975673,21.3555778932,20.8712482297,0.662090539932,0.616937160492
sunset,Floyd-Steinberg,Weight-driven,CIEXYY,11.3769579289,0.356975046789,21.3555780962,20.8712479271,0.662090539932,0.617079257965
sunset,Floyd-Steinberg,Weighted-nearest (α=0.5),RGB,11.3370730221,0.339972995594,21.5027370775,20.4165695937,0.685500085354,0.622158169746
sunset,Floyd-Steinberg,Weighted-nearest (α=0.5),CIELAB,11.3223516782,0.344800582067,21.4897998242,20.6780454996,0.677108585835,0.619135022163
sunset,Floyd-Steinberg,Weighted-nearest (α=0.5),CIEXYY,11.4347975412,0.350535880722,21.2670887864,20.577356574,0.663605570793,0.629441022873
sunset,Floyd-Steinberg,Softmax (α=0.5),RGB,10.2616513313,0.0572836133629,27.6629168935,13.3831009769,1.20525372028,0.110753536224
sunset,Floyd-Steinberg,Softmax (α=0.5),CIELAB,8.6491214706,0.0238613825115,29.0822377749,14.8430697444,1.28659415245,0.0260429978371
sunset,Floyd-Steinberg,Softmax (α=0.5),CIEXYY,10.8875081943,0.193101876667,22.7732143094,16.1961491162,0.909800052643,0.537448763847
sunset,Floyd-Steinberg,Error-scaled (scale),RGB,12.1591620311,0.119664754617,24.7759992925,12.925307291,0.997633874416,0.100739300251
sunset,Floyd-Steinberg,Error-scaled (scale),CIELAB,9.66685163134,0.0819457232697,25.6230231411,15.2303491147,1.13371133804,0.1081148386
sunset,Floyd-Steinberg,Error-scaled (scale),CIEXYY,10.6510198934,0.139714214721,25.9562697135,16.7856779071,0.641124010086,0.431584119797
sunset,Floyd-Steinberg,Error-scaled (weighted_target),RGB,10.5571694701,0.0550792099522,27.7127508452,11.6151792456,1.1839979887,0.0238335132599
sunset,Floyd-Steinberg,Error-scaled (weighted_target),CIELAB,8.61901755798,0.0259294787427,29.0442855101,14.9620956644,1.28244459629,0.0278615951538
sunset,Floyd-Steinberg,Error-scaled (weighted_target),CIEXYY,10.348890812,0.0487379476268,28.6361583903,14.7794022895,0.845369398594,0.339664161205
sunset,Floyd-Steinberg,Error-scaled (confidence),RGB,11.4216743963,0.0733068506644,25.9166058669,10.772164174,1.10420930386,0.0553846955299
sunset,Floyd-Steinberg,Error-scaled (confidence),CIELAB,9.19742462953,0.0646283336441,27.0363383689,14.4109539579,1.20568454266,0.0623411536217
sunset,Floyd-Steinberg,Error-scaled (confidence),CIEXYY,10.5062386245,0.0797237699231,27.4194513855,15.299485004,0.78906339407,0.338103830814
sunset,Jarvis-Judice-Ninke,Nearest-colour,RGB,10.5544114274,0.0549553717395,27.7152563139,11.6199069365,1.2550804615,0.0212529301643
sunset,Jarvis-Judice-Ninke,Nearest-colour,CIELAB,8.61880495673,0.0253387631714,29.0426827772,14.9607708142,1.3084731102,0.0233622193336
sunset,Jarvis-Judice-Ninke,Nearest-colour,CIEXYY,10.3475513994,0.0507081104491,28.6500622514,14.7587296841,0.872839808464,0.333114981651
sunset,Jarvis-Judice-Ninke,Weight-driven,RGB,11.3769573256,0.356974975673,21.3555778932,20.8712482297,0.662090539932,0.617656767368
sunset,Jarvis-Judice-Ninke,Weight-driven,CIELAB,11.3769573256,0.356974975673,21.3555778932,20.8712482297,0.662090539932,0.616937160492
sunset,Jarvis-Judice-Ninke,Weight-driven,CIEXYY,11.3769579289,0.356975046789,21.3555780962,20.8712479271,0.662090539932,0.617079257965
sunset,Jarvis-Judice-Ninke,Weighted-nearest (α=0.5),RGB,11.3597146358,0.337625291307,21.4415066266,20.3128130475,0.693784058094,0.630284547806
sunset,Jarvis-Judice-Ninke,Weighted-nearest (α=0.5),CIELAB,11.3079094491,0.341523141086,21.5183102945,20.6510751289,0.682545542717,0.617243468761
sunset,Jarvis-Judice-Ninke,Weighted-nearest (α=0.5),CIEXYY,11.4495396105,0.346840189416,21.2402938641,20.4671431981,0.667189538479,0.633647620678
sunset,Jarvis-Judice-Ninke,Softmax (α=0.5),RGB,10.2754331996,0.0618852084573,27.5874369359,13.5960855337,1.23998427391,0.126897335052
sunset,Jarvis-Judice-Ninke,Softmax (α=0.5),CIELAB,8.6187085959,0.025480870424,29.0424760631,14.962895836,1.31159007549,0.0229510068893
sunset,Jarvis-Judice-Ninke,Softmax (α=0.5),CIEXYY,10.9260484431,0.193867725567,22.6844783951,16.1490557965,0.911090195179,0.529048800468
sunset,Jarvis-Judice-Ninke,Error-scaled (scale),RGB,12.301289083,0.125441472887,24.3629170816,12.9693211435,1.05005967617,0.103512167931
sunset,Jarvis-Judice-Ninke,Error-scaled (scale),CIELAB,9.82050824061,0.0845051384959,25.153522543,15.1450836001,1.1952111721,0.114758729935
sunset,Jarvis-Judice-Ninke,Error-scaled (scale),CIEXYY,10.7031199534,0.146922423715,25.6244036724,17.0508966911,0.676493883133,0.42975205183
sunset,Jarvis-Judice-Ninke,Error-scaled (weighted_target),RGB,10.6170505082,0.0593532611318,27.6071829463,11.6457550768,1.22746944427,0.0367004871368
sunset,Jarvis-Judice-Ninke,Error-scaled (weighted_target),CIELAB,8.63024570268,0.0286279198964,28.9835796472,14.9639219173,1.30021870136,0.0318908691406
sunset,Jarvis-Judice-Ninke,Error-scaled (weighted_target),CIEXYY,10.3542197487,0.0482301184701,28.6148292855,14.8285086891,0.859652876854,0.34310644865
sunset,Jarvis-Judice-Ninke,Error-scaled (confidence),RGB,11.5974896838,0.0744283589237,25.5602836993,10.904941807,1.16069769859,0.0627262592316
sunset,Jarvis-Judice-Ninke,Error-scaled (confidence),CIELAB,9.25737431567,0.0670639101261,26.7109379474,14.4110476018,1.2451196909,0.0663458704948
sunset,Jarvis-Judice-Ninke,Error-scaled (confidence),CIEXYY,10.5460297806,0.0853983730501,27.1030225075,15.5195110856,0.801663994789,0.349339783192
sunset,Stucki,Nearest-colour,RGB,10.5483987917,0.054558545089,27.7250954996,11.6202905902,1.21113741398,0.0204322934151
sunset,Stucki,Nearest-colour,CIELAB,8.6182199985,0.0250896396717,29.0481152296,14.960857329,1.2835804224,0.0234949588776
sunset,Stucki,Nearest-colour,CIEXYY,10.347074246,0.0503696601263,28.6507073076,14.7573195468,0.843709111214,0.334930419922
sunset,Stucki,Weight-driven,RGB,11.3769573256,0.356974975673,21.3555778932,20.8712482297,0.662090539932,0.617656767368
sunset,Stucki,Weight-driven,CIELAB,11.3769573256,0.356974975673,21.3555778932,20.8712482297,0.662090539932,0.616937160492
sunset,Stucki,Weight-driven,CIEXYY,11.3769579289,0.356975046789,21.3555780962,20.8712479271,0.662090539932,0.617079257965
sunset,Stucki,Weighted-nearest (α=0.5),RGB,11.3582605896,0.337339423547,21.4517456658,20.3128852682,0.689037382603,0.625573515892
sunset,Stucki,Weighted-nearest (α=0.5),CIELAB,11.3080860317,0.341500367842,21.518838694,20.6519441254,0.681006133556,0.620868623257
sunset,Stucki,Weighted-nearest (α=0.5),CIEXYY,11.4467745568,0.347487935705,21.2474119391,20.4894621408,0.666367948055,0.63162779808
sunset,Stucki,Softmax (α=0.5),RGB,10.2775155978,0.0611162129206,27.5942871137,13.5566809346,1.21095025539,0.123661220074
sunset,Stucki,Softmax (α=0.5),CIELAB,8.61814039822,0.0250381825384,29.0485244142,14.960310176,1.28363311291,0.0240685939789
sunset,Stucki,Softmax (α=0.5),CIEXYY,10.9168321161,0.193857703163,22.7080924485,16.1716967737,0.906686902046,0.532535910606
sunset,Stucki,Error-scaled (scale),RGB,12.2862146933,0.124814168763,24.4094210564,12.9772054748,1.00768709183,0.103157103062
sunset,Stucki,Error-scaled (scale),CIELAB,9.80040502191,0.0841465607276,25.2114184325,15.1670193852,1.15773904324,0.114104032516
sunset,Stucki,Error-scaled (scale),CIEXYY,10.6960885351,0.146074862707,25.6631042648,17.0251306887,0.627021312714,0.424620270729
sunset,Stucki,Error-scaled (weighted_target),RGB,10.6083759934,0.0587043235499,27.6218830894,11.6345166618,1.18224143982,0.0338824391365
sunset,Stucki,Error-scaled (weighted_target),CIELAB,8.62870085209,0.0281079986161,28.9927967089,14.963998692,1.26943922043,0.0306233167648
sunset,Stucki,Error-scaled (weighted_target),CIEXYY,10.3535018966,0.0483067398375,28.6174877381,14.8210085384,0.82762992382,0.340736329556
sunset,Stucki,Error-scaled (confidence),RGB,11.5773914964,0.0741931088031,25.6008430858,10.8947959703,1.12101519108,0.062245965004
sunset,Stucki,Error-scaled (confidence),CIELAB,9.24702930275,0.0668450031538,26.7514512783,14.4330161845,1.21169424057,0.0666255950928
sunset,Stucki,Error-scaled (confidence),CIEXYY,10.5409090456,0.0844521713903,27.1405059813,15.4976093928,0.769565820694,0.345716297626
